{
	"id": "06amL9zKmq4FCDw",
	"json": "{\"id\":\"06amL9zKmq4FCDw\",\"url\":\"https://www.manta.com/c/m1x9871/crumbl-southport\",\"loadedUrl\":\"https://www.manta.com/c/m1x9871/crumbl-southport\",\"uniqueKey\":\"https://www.manta.com/c/m1x9871/crumbl-southport\",\"method\":\"GET\",\"noRetry\":false,\"retryCount\":0,\"errorMessages\":[],\"headers\":{},\"userData\":{\"fromListing\":true,\"label\":\"detail\",\"__crawlee\":{\"state\":4}},\"handledAt\":\"2025-08-13T15:35:55.858Z\"}",
	"method": "GET",
	"orderNo": null,
	"retryCount": 0,
	"uniqueKey": "https://www.manta.com/c/m1x9871/crumbl-southport",
	"url": "https://www.manta.com/c/m1x9871/crumbl-southport"
}