{
	"id": "1XXnZL8jnEQ8Iug",
	"json": "{\"id\":\"1XXnZL8jnEQ8Iug\",\"url\":\"http://www.thymetoeatcafe.com\",\"uniqueKey\":\"http://www.thymetoeatcafe.com\",\"method\":\"GET\",\"noRetry\":false,\"retryCount\":0,\"errorMessages\":[],\"headers\":{},\"userData\":{\"url\":\"https://www.manta.com/c/mtlnkyd/thyme-to-eat-cafe-catering\",\"title\":\"Thyme To Eat Cafe & Catering\",\"phone\":\"(317) 791-0521\",\"address\":\"3951 S. Meridian St. Indianapolis, IN 46227\",\"website\":\"http://www.thymetoeatcafe.com\",\"email\":null,\"label\":\"website_scraper\"}}",
	"method": "GET",
	"orderNo": 1755099736538,
	"retryCount": 0,
	"uniqueKey": "http://www.thymetoeatcafe.com",
	"url": "http://www.thymetoeatcafe.com"
}