{
	"id": "2BATDkrOWUSKCxR",
	"json": "{\"id\":\"2BATDkrOWUSKCxR\",\"url\":\"https://www.manta.com/c/mk7rzrl/starbucks\",\"loadedUrl\":\"https://www.manta.com/c/mk7rzrl/starbucks\",\"uniqueKey\":\"https://www.manta.com/c/mk7rzrl/starbucks\",\"method\":\"GET\",\"noRetry\":false,\"retryCount\":0,\"errorMessages\":[],\"headers\":{},\"userData\":{\"fromListing\":true,\"label\":\"detail\",\"__crawlee\":{\"state\":4}},\"handledAt\":\"2025-08-13T15:38:36.152Z\"}",
	"method": "GET",
	"orderNo": null,
	"retryCount": 0,
	"uniqueKey": "https://www.manta.com/c/mk7rzrl/starbucks",
	"url": "https://www.manta.com/c/mk7rzrl/starbucks"
}