{
	"id": "2hHkqmOC6GMN1Oo",
	"json": "{\"id\":\"2hHkqmOC6GMN1Oo\",\"url\":\"https://www.manta.com/c/m1wjdxx/crumbl-west-carmel\",\"uniqueKey\":\"https://www.manta.com/c/m1wjdxx/crumbl-west-carmel\",\"method\":\"GET\",\"noRetry\":false,\"retryCount\":0,\"errorMessages\":[],\"headers\":{},\"userData\":{\"fromListing\":true,\"label\":\"detail\"}}",
	"method": "GET",
	"orderNo": 1755098702007,
	"retryCount": 0,
	"uniqueKey": "https://www.manta.com/c/m1wjdxx/crumbl-west-carmel",
	"url": "https://www.manta.com/c/m1wjdxx/crumbl-west-carmel"
}