{
	"id": "2kuwVCswqphJVEy",
	"json": "{\"id\":\"2kuwVCswqphJVEy\",\"url\":\"https://www.manta.com/c/mkk19wj/starbucks\",\"loadedUrl\":\"https://www.manta.com/c/mkk19wj/starbucks\",\"uniqueKey\":\"https://www.manta.com/c/mkk19wj/starbucks\",\"method\":\"GET\",\"noRetry\":false,\"retryCount\":0,\"errorMessages\":[],\"headers\":{},\"userData\":{\"fromListing\":true,\"label\":\"detail\",\"__crawlee\":{\"state\":4}},\"handledAt\":\"2025-08-13T15:23:48.552Z\"}",
	"method": "GET",
	"orderNo": null,
	"retryCount": 0,
	"uniqueKey": "https://www.manta.com/c/mkk19wj/starbucks",
	"url": "https://www.manta.com/c/mkk19wj/starbucks"
}