{
	"id": "2OJXbQmaK4A46Mi",
	"json": "{\"id\":\"2OJXbQmaK4A46Mi\",\"url\":\"https://www.manta.com/search?search=Restaurants&context=industry&search_source=nav&city=Indianapolis&state=Indiana&device=desktop&screenResolution=1920x1080\",\"loadedUrl\":\"https://www.manta.com/search?search=Restaurants&context=industry&search_source=nav&city=Indianapolis&state=Indiana&device=desktop&screenResolution=1920x1080\",\"uniqueKey\":\"https://www.manta.com/search?city=Indianapolis&context=industry&device=desktop&screenResolution=1920x1080&search=Restaurants&search_source=nav&state=Indiana\",\"method\":\"GET\",\"noRetry\":false,\"retryCount\":0,\"errorMessages\":[],\"headers\":{},\"userData\":{\"__crawlee\":{\"state\":4}},\"handledAt\":\"2025-08-13T15:21:08.849Z\"}",
	"method": "GET",
	"orderNo": null,
	"retryCount": 0,
	"uniqueKey": "https://www.manta.com/search?city=Indianapolis&context=industry&device=desktop&screenResolution=1920x1080&search=Restaurants&search_source=nav&state=Indiana",
	"url": "https://www.manta.com/search?search=Restaurants&context=industry&search_source=nav&city=Indianapolis&state=Indiana&device=desktop&screenResolution=1920x1080"
}