{
	"id": "3L8zC9zTVqpo4xs",
	"json": "{\"id\":\"3L8zC9zTVqpo4xs\",\"url\":\"https://www.manta.com/c/mk7rq8t/starbucks\",\"loadedUrl\":\"https://www.manta.com/c/mk7rq8t/starbucks\",\"uniqueKey\":\"https://www.manta.com/c/mk7rq8t/starbucks\",\"method\":\"GET\",\"noRetry\":false,\"retryCount\":0,\"errorMessages\":[],\"headers\":{},\"userData\":{\"fromListing\":true,\"label\":\"detail\",\"__crawlee\":{\"state\":4}},\"handledAt\":\"2025-08-13T15:38:43.154Z\"}",
	"method": "GET",
	"orderNo": null,
	"retryCount": 0,
	"uniqueKey": "https://www.manta.com/c/mk7rq8t/starbucks",
	"url": "https://www.manta.com/c/mk7rq8t/starbucks"
}