{
	"id": "3tHfHOMQvWnLo1o",
	"json": "{\"id\":\"3tHfHOMQvWnLo1o\",\"url\":\"https://www.manta.com/c/mk798q8/zaxbys-chicken-fingers-buffalo-wings\",\"loadedUrl\":\"https://www.manta.com/c/mk798q8/zaxbys-chicken-fingers-buffalo-wings\",\"uniqueKey\":\"https://www.manta.com/c/mk798q8/zaxbys-chicken-fingers-buffalo-wings\",\"method\":\"GET\",\"noRetry\":false,\"retryCount\":0,\"errorMessages\":[],\"headers\":{},\"userData\":{\"fromListing\":true,\"label\":\"detail\",\"__crawlee\":{\"state\":4}},\"handledAt\":\"2025-08-13T15:38:13.662Z\"}",
	"method": "GET",
	"orderNo": null,
	"retryCount": 0,
	"uniqueKey": "https://www.manta.com/c/mk798q8/zaxbys-chicken-fingers-buffalo-wings",
	"url": "https://www.manta.com/c/mk798q8/zaxbys-chicken-fingers-buffalo-wings"
}