{
	"id": "5C3cRWFrNAXk0QJ",
	"json": "{\"id\":\"5C3cRWFrNAXk0QJ\",\"url\":\"https://crumblcookies.com/insouthport\",\"uniqueKey\":\"https://crumblcookies.com/insouthport\",\"method\":\"GET\",\"noRetry\":false,\"retryCount\":0,\"errorMessages\":[],\"headers\":{},\"userData\":{\"url\":\"https://www.manta.com/c/m1x9871/crumbl-southport\",\"title\":\"Crumbl - Southport\",\"phone\":\"(463) 274-5595\",\"address\":\"6905 South Emerson Avenue Indianapolis, IN 46237\",\"website\":\"https://crumblcookies.com/insouthport\",\"email\":null,\"label\":\"website_scraper\"}}",
	"method": "GET",
	"orderNo": 1755099355854,
	"retryCount": 0,
	"uniqueKey": "https://crumblcookies.com/insouthport",
	"url": "https://crumblcookies.com/insouthport"
}