{
	"id": "5VMkRlIvCcoNEQ8",
	"json": "{\"id\":\"5VMkRlIvCcoNEQ8\",\"url\":\"https://www.manta.com/c/m1x9qp7/his-place-eatery\",\"uniqueKey\":\"https://www.manta.com/c/m1x9qp7/his-place-eatery\",\"method\":\"GET\",\"noRetry\":false,\"retryCount\":0,\"errorMessages\":[],\"headers\":{},\"userData\":{\"fromListing\":true,\"label\":\"detail\"}}",
	"method": "GET",
	"orderNo": 1755098702020,
	"retryCount": 0,
	"uniqueKey": "https://www.manta.com/c/m1x9qp7/his-place-eatery",
	"url": "https://www.manta.com/c/m1x9qp7/his-place-eatery"
}