{
	"id": "6ikIYSP3GCXH1XH",
	"json": "{\"id\":\"6ikIYSP3GCXH1XH\",\"url\":\"https://www.starbucks.com/store-locator/store/13814/\",\"uniqueKey\":\"https://www.starbucks.com/store-locator/store/13814\",\"method\":\"GET\",\"noRetry\":false,\"retryCount\":0,\"errorMessages\":[],\"headers\":{},\"userData\":{\"url\":\"https://www.manta.com/c/mk7r6ck/starbucks\",\"title\":\"Starbucks\",\"phone\":\"(317) 209-0665\",\"address\":\"7315 West 10th Street Indianapolis, IN 46214\",\"website\":\"https://www.starbucks.com/store-locator/store/13814/\",\"email\":null,\"label\":\"website_scraper\"}}",
	"method": "GET",
	"orderNo": 1755099307270,
	"retryCount": 0,
	"uniqueKey": "https://www.starbucks.com/store-locator/store/13814",
	"url": "https://www.starbucks.com/store-locator/store/13814/"
}