{
	"id": "6lsXr01jVzQtsSO",
	"json": "{\"id\":\"6lsXr01jVzQtsSO\",\"url\":\"https://www.manta.com/c/m1wgn3p/little-caesars-pizza\",\"loadedUrl\":\"https://www.manta.com/c/m1wgn3p/little-caesars-pizza\",\"uniqueKey\":\"https://www.manta.com/c/m1wgn3p/little-caesars-pizza\",\"method\":\"GET\",\"noRetry\":false,\"retryCount\":0,\"errorMessages\":[],\"headers\":{},\"userData\":{\"fromListing\":true,\"label\":\"detail\",\"__crawlee\":{\"state\":4}},\"handledAt\":\"2025-08-13T15:34:45.345Z\"}",
	"method": "GET",
	"orderNo": null,
	"retryCount": 0,
	"uniqueKey": "https://www.manta.com/c/m1wgn3p/little-caesars-pizza",
	"url": "https://www.manta.com/c/m1wgn3p/little-caesars-pizza"
}