{
	"id": "6xB8OAuwpTdvSPx",
	"json": "{\"id\":\"6xB8OAuwpTdvSPx\",\"url\":\"https://www.starbucks.com/store-locator/store/1006381/\",\"uniqueKey\":\"https://www.starbucks.com/store-locator/store/1006381\",\"method\":\"GET\",\"noRetry\":false,\"retryCount\":0,\"errorMessages\":[],\"headers\":{},\"userData\":{\"url\":\"https://www.manta.com/c/mk7rzym/starbucks\",\"title\":\"Starbucks\",\"phone\":\"(317) 569-1330\",\"address\":\"1250 East 86th Street Indianapolis, IN 46240\",\"website\":\"https://www.starbucks.com/store-locator/store/1006381/\",\"email\":null,\"label\":\"website_scraper\"}}",
	"method": "GET",
	"orderNo": 1755099500343,
	"retryCount": 0,
	"uniqueKey": "https://www.starbucks.com/store-locator/store/1006381",
	"url": "https://www.starbucks.com/store-locator/store/1006381/"
}