{
	"id": "73dggVN5CphjnV8",
	"json": "{\"id\":\"73dggVN5CphjnV8\",\"url\":\"https://www.starbucks.com/store-locator/store/13636/\",\"uniqueKey\":\"https://www.starbucks.com/store-locator/store/13636\",\"method\":\"GET\",\"noRetry\":false,\"retryCount\":0,\"errorMessages\":[],\"headers\":{},\"userData\":{\"url\":\"https://www.manta.com/c/mmgmt6z/starbucks\",\"title\":\"Starbucks\",\"phone\":\"(317) 775-8249\",\"address\":\"6320 Intech Commons Drive Indianapolis, IN 46278\",\"website\":\"https://www.starbucks.com/store-locator/store/13636/\",\"email\":null,\"label\":\"website_scraper\"}}",
	"method": "GET",
	"orderNo": 1755099609342,
	"retryCount": 0,
	"uniqueKey": "https://www.starbucks.com/store-locator/store/13636",
	"url": "https://www.starbucks.com/store-locator/store/13636/"
}