{
	"id": "79wRB99AKU5ju6M",
	"json": "{\"id\":\"79wRB99AKU5ju6M\",\"url\":\"https://www.manta.com/c/mk7rzpy/starbucks\",\"loadedUrl\":\"https://www.manta.com/c/mk7rzpy/starbucks\",\"uniqueKey\":\"https://www.manta.com/c/mk7rzpy/starbucks\",\"method\":\"GET\",\"noRetry\":false,\"retryCount\":0,\"errorMessages\":[],\"headers\":{},\"userData\":{\"fromListing\":true,\"label\":\"detail\",\"__crawlee\":{\"state\":4}},\"handledAt\":\"2025-08-13T15:34:32.636Z\"}",
	"method": "GET",
	"orderNo": null,
	"retryCount": 0,
	"uniqueKey": "https://www.manta.com/c/mk7rzpy/starbucks",
	"url": "https://www.manta.com/c/mk7rzpy/starbucks"
}