{
	"id": "7fJjdOG7LFbsGpD",
	"json": "{\"id\":\"7fJjdOG7LFbsGpD\",\"url\":\"https://www.starbucks.com/store-locator/store/7731\",\"uniqueKey\":\"https://www.starbucks.com/store-locator/store/7731\",\"method\":\"GET\",\"noRetry\":false,\"retryCount\":0,\"errorMessages\":[],\"headers\":{},\"userData\":{\"url\":\"https://www.manta.com/c/mk7rzpp/starbucks\",\"title\":\"Starbucks\",\"phone\":\"(317) 454-7504\",\"address\":\"6101 North Keystone Avenue Indianapolis, IN 46220\",\"website\":\"https://www.starbucks.com/store-locator/store/7731\",\"email\":null,\"label\":\"website_scraper\"}}",
	"method": "GET",
	"orderNo": 1755099271742,
	"retryCount": 0,
	"uniqueKey": "https://www.starbucks.com/store-locator/store/7731",
	"url": "https://www.starbucks.com/store-locator/store/7731"
}