{
	"id": "7SkMLF5AFvrDPKs",
	"json": "{\"id\":\"7SkMLF5AFvrDPKs\",\"url\":\"https://www.manta.com/c/mk7rl8k/little-caesars-pizza\",\"loadedUrl\":\"https://www.manta.com/c/mk7rl8k/little-caesars-pizza\",\"uniqueKey\":\"https://www.manta.com/c/mk7rl8k/little-caesars-pizza\",\"method\":\"GET\",\"noRetry\":false,\"retryCount\":0,\"errorMessages\":[],\"headers\":{},\"userData\":{\"fromListing\":true,\"label\":\"detail\",\"__crawlee\":{\"state\":4}},\"handledAt\":\"2025-08-13T15:41:33.321Z\"}",
	"method": "GET",
	"orderNo": null,
	"retryCount": 0,
	"uniqueKey": "https://www.manta.com/c/mk7rl8k/little-caesars-pizza",
	"url": "https://www.manta.com/c/mk7rl8k/little-caesars-pizza"
}