{
	"id": "7VvKesdnpdUBg8B",
	"json": "{\"id\":\"7VvKesdnpdUBg8B\",\"url\":\"https://www.manta.com/c/mk7rl81/little-caesars-pizza\",\"loadedUrl\":\"https://www.manta.com/c/mk7rl81/little-caesars-pizza\",\"uniqueKey\":\"https://www.manta.com/c/mk7rl81/little-caesars-pizza\",\"method\":\"GET\",\"noRetry\":false,\"retryCount\":0,\"errorMessages\":[],\"headers\":{},\"userData\":{\"fromListing\":true,\"label\":\"detail\",\"__crawlee\":{\"state\":4}},\"handledAt\":\"2025-08-13T15:35:49.227Z\"}",
	"method": "GET",
	"orderNo": null,
	"retryCount": 0,
	"uniqueKey": "https://www.manta.com/c/mk7rl81/little-caesars-pizza",
	"url": "https://www.manta.com/c/mk7rl81/little-caesars-pizza"
}