{
	"id": "8n9oT7jY7f68NI0",
	"json": "{\"id\":\"8n9oT7jY7f68NI0\",\"url\":\"https://www.manta.com/c/mk7rz01/starbucks\",\"loadedUrl\":\"https://www.manta.com/c/mk7rz01/starbucks\",\"uniqueKey\":\"https://www.manta.com/c/mk7rz01/starbucks\",\"method\":\"GET\",\"noRetry\":false,\"retryCount\":0,\"errorMessages\":[],\"headers\":{},\"userData\":{\"fromListing\":true,\"label\":\"detail\",\"__crawlee\":{\"state\":4}},\"handledAt\":\"2025-08-13T15:35:21.145Z\"}",
	"method": "GET",
	"orderNo": null,
	"retryCount": 0,
	"uniqueKey": "https://www.manta.com/c/mk7rz01/starbucks",
	"url": "https://www.manta.com/c/mk7rz01/starbucks"
}