{
	"id": "8QShEeWQWO783yw",
	"json": "{\"id\":\"8QShEeWQWO783yw\",\"url\":\"https://www.manta.com/c/mhqh381/tacos-and-tequila\",\"loadedUrl\":\"https://www.manta.com/c/mhqh381/tacos-and-tequila\",\"uniqueKey\":\"https://www.manta.com/c/mhqh381/tacos-and-tequila\",\"method\":\"GET\",\"noRetry\":false,\"retryCount\":0,\"errorMessages\":[],\"headers\":{},\"userData\":{\"fromListing\":true,\"label\":\"detail\",\"__crawlee\":{\"state\":4}},\"handledAt\":\"2025-08-13T15:42:07.045Z\"}",
	"method": "GET",
	"orderNo": null,
	"retryCount": 0,
	"uniqueKey": "https://www.manta.com/c/mhqh381/tacos-and-tequila",
	"url": "https://www.manta.com/c/mhqh381/tacos-and-tequila"
}