{
	"id": "8ZgXhSbtuMibOjl",
	"json": "{\"id\":\"8ZgXhSbtuMibOjl\",\"url\":\"https://www.manta.com/c/mk2dcck/karachi-kabab-universal-grill-shake\",\"loadedUrl\":\"https://www.manta.com/c/mk2dcck/karachi-kabab-universal-grill-shake\",\"uniqueKey\":\"https://www.manta.com/c/mk2dcck/karachi-kabab-universal-grill-shake\",\"method\":\"GET\",\"noRetry\":false,\"retryCount\":0,\"errorMessages\":[],\"headers\":{},\"userData\":{\"fromListing\":true,\"label\":\"detail\",\"__crawlee\":{\"state\":4}},\"handledAt\":\"2025-08-13T15:40:34.336Z\"}",
	"method": "GET",
	"orderNo": null,
	"retryCount": 0,
	"uniqueKey": "https://www.manta.com/c/mk2dcck/karachi-kabab-universal-grill-shake",
	"url": "https://www.manta.com/c/mk2dcck/karachi-kabab-universal-grill-shake"
}