{
	"id": "90nRfa6MAPImi2d",
	"json": "{\"id\":\"90nRfa6MAPImi2d\",\"url\":\"https://www.manta.com/c/mkcz0pl/mr-pulpo-marisquer-a\",\"loadedUrl\":\"https://www.manta.com/c/mkcz0pl/mr-pulpo-marisquer-a\",\"uniqueKey\":\"https://www.manta.com/c/mkcz0pl/mr-pulpo-marisquer-a\",\"method\":\"GET\",\"noRetry\":false,\"retryCount\":0,\"errorMessages\":[],\"headers\":{},\"userData\":{\"fromListing\":true,\"label\":\"detail\",\"__crawlee\":{\"state\":4}},\"handledAt\":\"2025-08-13T15:43:30.293Z\"}",
	"method": "GET",
	"orderNo": null,
	"retryCount": 0,
	"uniqueKey": "https://www.manta.com/c/mkcz0pl/mr-pulpo-marisquer-a",
	"url": "https://www.manta.com/c/mkcz0pl/mr-pulpo-marisquer-a"
}