{
	"id": "A2sNuCIeOfFLNEM",
	"json": "{\"id\":\"A2sNuCIeOfFLNEM\",\"url\":\"https://www.manta.com/c/mkw5hss/wyliepalooza-ice-cream-anime\",\"uniqueKey\":\"https://www.manta.com/c/mkw5hss/wyliepalooza-ice-cream-anime\",\"method\":\"GET\",\"noRetry\":false,\"retryCount\":0,\"errorMessages\":[],\"headers\":{},\"userData\":{\"fromListing\":true,\"label\":\"detail\"}}",
	"method": "GET",
	"orderNo": 1755098702071,
	"retryCount": 0,
	"uniqueKey": "https://www.manta.com/c/mkw5hss/wyliepalooza-ice-cream-anime",
	"url": "https://www.manta.com/c/mkw5hss/wyliepalooza-ice-cream-anime"
}