{
	"id": "AER8HVugZlnypeH",
	"json": "{\"id\":\"AER8HVugZlnypeH\",\"url\":\"https://www.manta.com/c/m1r73f9/starbucks\",\"loadedUrl\":\"https://www.manta.com/c/m1r73f9/starbucks\",\"uniqueKey\":\"https://www.manta.com/c/m1r73f9/starbucks\",\"method\":\"GET\",\"noRetry\":false,\"retryCount\":0,\"errorMessages\":[],\"headers\":{},\"userData\":{\"fromListing\":true,\"label\":\"detail\",\"__crawlee\":{\"state\":4}},\"handledAt\":\"2025-08-13T15:22:53.015Z\"}",
	"method": "GET",
	"orderNo": null,
	"retryCount": 0,
	"uniqueKey": "https://www.manta.com/c/m1r73f9/starbucks",
	"url": "https://www.manta.com/c/m1r73f9/starbucks"
}