{
	"id": "aTYOrz6s0AiJ4Ix",
	"json": "{\"id\":\"aTYOrz6s0AiJ4Ix\",\"url\":\"https://www.manta.com/c/m1rrwd9/another-broken-egg-cafe\",\"loadedUrl\":\"https://www.manta.com/c/m1rrwd9/another-broken-egg-cafe\",\"uniqueKey\":\"https://www.manta.com/c/m1rrwd9/another-broken-egg-cafe\",\"method\":\"GET\",\"noRetry\":false,\"retryCount\":0,\"errorMessages\":[],\"headers\":{},\"userData\":{\"fromListing\":true,\"label\":\"detail\",\"__crawlee\":{\"state\":4}},\"handledAt\":\"2025-08-13T15:38:06.413Z\"}",
	"method": "GET",
	"orderNo": null,
	"retryCount": 0,
	"uniqueKey": "https://www.manta.com/c/m1rrwd9/another-broken-egg-cafe",
	"url": "https://www.manta.com/c/m1rrwd9/another-broken-egg-cafe"
}