{
	"id": "AYHCxodl5TlpJAU",
	"json": "{\"id\":\"AYHCxodl5TlpJAU\",\"url\":\"https://www.manta.com/search?search=Restaurants&context=industry&search_source=nav&city=Indianapolis&state=Indiana&device=desktop&screenResolution=1920x1080&pg=3\",\"loadedUrl\":\"https://www.manta.com/search?search=Restaurants&context=industry&search_source=nav&city=Indianapolis&state=Indiana&device=desktop&screenResolution=1920x1080&pg=3\",\"uniqueKey\":\"https://www.manta.com/search?city=Indianapolis&context=industry&device=desktop&pg=3&screenResolution=1920x1080&search=Restaurants&search_source=nav&state=Indiana\",\"method\":\"GET\",\"noRetry\":false,\"retryCount\":0,\"errorMessages\":[],\"headers\":{},\"userData\":{\"fromListing\":true,\"label\":\"listing\",\"__crawlee\":{\"state\":4}},\"handledAt\":\"2025-08-13T15:24:25.459Z\"}",
	"method": "GET",
	"orderNo": null,
	"retryCount": 0,
	"uniqueKey": "https://www.manta.com/search?city=Indianapolis&context=industry&device=desktop&pg=3&screenResolution=1920x1080&search=Restaurants&search_source=nav&state=Indiana",
	"url": "https://www.manta.com/search?search=Restaurants&context=industry&search_source=nav&city=Indianapolis&state=Indiana&device=desktop&screenResolution=1920x1080&pg=3"
}