{
	"id": "B65K5W1elO6h91E",
	"json": "{\"id\":\"B65K5W1elO6h91E\",\"url\":\"https://mrpulpomarisqueria.com/\",\"uniqueKey\":\"https://mrpulpomarisqueria.com\",\"method\":\"GET\",\"noRetry\":false,\"retryCount\":0,\"errorMessages\":[],\"headers\":{},\"userData\":{\"url\":\"https://www.manta.com/c/mkcz0pl/mr-pulpo-marisquer-a\",\"title\":\"Mr. Pulpo Marisquería\",\"phone\":\"(317) 992-2070\",\"address\":\"3902 Georgetown Rd Indianapolis, IN 46254\",\"website\":\"https://mrpulpomarisqueria.com/\",\"email\":null,\"label\":\"website_scraper\"}}",
	"method": "GET",
	"orderNo": 1755099810279,
	"retryCount": 0,
	"uniqueKey": "https://mrpulpomarisqueria.com",
	"url": "https://mrpulpomarisqueria.com/"
}