{
	"id": "bjVtxgmMt0K2cbj",
	"json": "{\"id\":\"bjVtxgmMt0K2cbj\",\"url\":\"https://www.manta.com/c/m1wn5v5/high-velocity\",\"loadedUrl\":\"https://www.manta.com/c/m1wn5v5/high-velocity\",\"uniqueKey\":\"https://www.manta.com/c/m1wn5v5/high-velocity\",\"method\":\"GET\",\"noRetry\":false,\"retryCount\":0,\"errorMessages\":[],\"headers\":{},\"userData\":{\"fromListing\":true,\"label\":\"detail\",\"__crawlee\":{\"state\":4}},\"handledAt\":\"2025-08-13T15:22:32.920Z\"}",
	"method": "GET",
	"orderNo": null,
	"retryCount": 0,
	"uniqueKey": "https://www.manta.com/c/m1wn5v5/high-velocity",
	"url": "https://www.manta.com/c/m1wn5v5/high-velocity"
}