{
	"id": "bmSCPcGA3ikfxlt",
	"json": "{\"id\":\"bmSCPcGA3ikfxlt\",\"url\":\"https://www.manta.com/c/mm8t5mr/starbucks\",\"uniqueKey\":\"https://www.manta.com/c/mm8t5mr/starbucks\",\"method\":\"GET\",\"noRetry\":false,\"retryCount\":0,\"errorMessages\":[],\"headers\":{},\"userData\":{\"fromListing\":true,\"label\":\"detail\"}}",
	"method": "GET",
	"orderNo": 1755098702057,
	"retryCount": 0,
	"uniqueKey": "https://www.manta.com/c/mm8t5mr/starbucks",
	"url": "https://www.manta.com/c/mm8t5mr/starbucks"
}