{
	"id": "bO5Bz7x2Do6uwel",
	"json": "{\"id\":\"bO5Bz7x2Do6uwel\",\"url\":\"https://www.manta.com/c/m1wb72f/j-s-breakfast-club\",\"loadedUrl\":\"https://www.manta.com/c/m1wb72f/j-s-breakfast-club\",\"uniqueKey\":\"https://www.manta.com/c/m1wb72f/j-s-breakfast-club\",\"method\":\"GET\",\"noRetry\":false,\"retryCount\":0,\"errorMessages\":[],\"headers\":{},\"userData\":{\"fromListing\":true,\"label\":\"detail\",\"__crawlee\":{\"state\":4}},\"handledAt\":\"2025-08-13T15:45:06.344Z\"}",
	"method": "GET",
	"orderNo": null,
	"retryCount": 0,
	"uniqueKey": "https://www.manta.com/c/m1wb72f/j-s-breakfast-club",
	"url": "https://www.manta.com/c/m1wb72f/j-s-breakfast-club"
}