{
	"id": "BQlqcRti15q5UUk",
	"json": "{\"id\":\"BQlqcRti15q5UUk\",\"url\":\"https://www.manta.com/c/mm7w42n/checkered-flag-tavern\",\"uniqueKey\":\"https://www.manta.com/c/mm7w42n/checkered-flag-tavern\",\"method\":\"GET\",\"noRetry\":false,\"retryCount\":0,\"errorMessages\":[],\"headers\":{},\"userData\":{\"fromListing\":true,\"label\":\"detail\"}}",
	"method": "GET",
	"orderNo": 1755099980484,
	"retryCount": 0,
	"uniqueKey": "https://www.manta.com/c/mm7w42n/checkered-flag-tavern",
	"url": "https://www.manta.com/c/mm7w42n/checkered-flag-tavern"
}