{
	"id": "BZaWy2bB13lvRPo",
	"json": "{\"id\":\"BZaWy2bB13lvRPo\",\"url\":\"https://www.manta.com/c/mk7rzd7/starbucks\",\"loadedUrl\":\"https://www.manta.com/c/mk7rzd7/starbucks\",\"uniqueKey\":\"https://www.manta.com/c/mk7rzd7/starbucks\",\"method\":\"GET\",\"noRetry\":false,\"retryCount\":0,\"errorMessages\":[],\"headers\":{},\"userData\":{\"fromListing\":true,\"label\":\"detail\",\"__crawlee\":{\"state\":4}},\"handledAt\":\"2025-08-13T15:39:44.998Z\"}",
	"method": "GET",
	"orderNo": null,
	"retryCount": 0,
	"uniqueKey": "https://www.manta.com/c/mk7rzd7/starbucks",
	"url": "https://www.manta.com/c/mk7rzd7/starbucks"
}