{
	"id": "C8jrvU4VFxXRFvv",
	"json": "{\"id\":\"C8jrvU4VFxXRFvv\",\"url\":\"https://toppers.com/locations/Indianapolis/\",\"uniqueKey\":\"https://toppers.com/locations/Indianapolis\",\"method\":\"GET\",\"noRetry\":false,\"retryCount\":2,\"errorMessages\":[\"Error: Request blocked - received 403 status code.\\n    at PuppeteerCrawler._throwOnBlockedRequest (C:\\\\Users\\\\HP\\\\Downloads\\\\crawler\\\\node_modules\\\\@crawlee\\\\basic\\\\internals\\\\basic-crawler.js:835:19)\\n    at PuppeteerCrawler._responseHandler (C:\\\\Users\\\\HP\\\\Downloads\\\\crawler\\\\node_modules\\\\@crawlee\\\\browser\\\\internals\\\\browser-crawler.js:381:22)\\n    at PuppeteerCrawler._runRequestHandler (C:\\\\Users\\\\HP\\\\Downloads\\\\crawler\\\\node_modules\\\\@crawlee\\\\browser\\\\internals\\\\browser-crawler.js:262:24)\\n    at async PuppeteerCrawler._runRequestHandler (C:\\\\Users\\\\HP\\\\Downloads\\\\crawler\\\\node_modules\\\\@crawlee\\\\puppeteer\\\\internals\\\\puppeteer-crawler.js:114:9)\\n    at async wrap (C:\\\\Users\\\\HP\\\\Downloads\\\\crawler\\\\node_modules\\\\@apify\\\\timeout\\\\cjs\\\\index.cjs:54:21)\",\"Error: Request blocked - received 403 status code.\\n    at PuppeteerCrawler._throwOnBlockedRequest (C:\\\\Users\\\\HP\\\\Downloads\\\\crawler\\\\node_modules\\\\@crawlee\\\\basic\\\\internals\\\\basic-crawler.js:835:19)\\n    at PuppeteerCrawler._responseHandler (C:\\\\Users\\\\HP\\\\Downloads\\\\crawler\\\\node_modules\\\\@crawlee\\\\browser\\\\internals\\\\browser-crawler.js:381:22)\\n    at PuppeteerCrawler._runRequestHandler (C:\\\\Users\\\\HP\\\\Downloads\\\\crawler\\\\node_modules\\\\@crawlee\\\\browser\\\\internals\\\\browser-crawler.js:262:24)\\n    at async PuppeteerCrawler._runRequestHandler (C:\\\\Users\\\\HP\\\\Downloads\\\\crawler\\\\node_modules\\\\@crawlee\\\\puppeteer\\\\internals\\\\puppeteer-crawler.js:114:9)\\n    at async wrap (C:\\\\Users\\\\HP\\\\Downloads\\\\crawler\\\\node_modules\\\\@apify\\\\timeout\\\\cjs\\\\index.cjs:54:21)\",\"Error: Request blocked - received 403 status code.\\n    at PuppeteerCrawler._throwOnBlockedRequest (C:\\\\Users\\\\HP\\\\Downloads\\\\crawler\\\\node_modules\\\\@crawlee\\\\basic\\\\internals\\\\basic-crawler.js:835:19)\\n    at PuppeteerCrawler._responseHandler (C:\\\\Users\\\\HP\\\\Downloads\\\\crawler\\\\node_modules\\\\@crawlee\\\\browser\\\\internals\\\\browser-crawler.js:381:22)\\n    at PuppeteerCrawler._runRequestHandler (C:\\\\Users\\\\HP\\\\Downloads\\\\crawler\\\\node_modules\\\\@crawlee\\\\browser\\\\internals\\\\browser-crawler.js:262:24)\\n    at async PuppeteerCrawler._runRequestHandler (C:\\\\Users\\\\HP\\\\Downloads\\\\crawler\\\\node_modules\\\\@crawlee\\\\puppeteer\\\\internals\\\\puppeteer-crawler.js:114:9)\\n    at async wrap (C:\\\\Users\\\\HP\\\\Downloads\\\\crawler\\\\node_modules\\\\@apify\\\\timeout\\\\cjs\\\\index.cjs:54:21)\"],\"headers\":{},\"userData\":{\"url\":\"https://www.manta.com/c/mk7tnwz/toppers-pizza\",\"title\":\"Toppers Pizza\",\"phone\":\"(317) 672-7777\",\"address\":\"910 West 10th Street Indianapolis, IN 46202\",\"website\":\"https://toppers.com/locations/Indianapolis/\",\"email\":null,\"label\":\"website_scraper\",\"__crawlee\":{\"state\":5}},\"handledAt\":\"2025-08-13T15:33:35.692Z\"}",
	"method": "GET",
	"orderNo": null,
	"retryCount": 2,
	"uniqueKey": "https://toppers.com/locations/Indianapolis",
	"url": "https://toppers.com/locations/Indianapolis/"
}