{
	"id": "cyFhWNw1u1mwRdV",
	"json": "{\"id\":\"cyFhWNw1u1mwRdV\",\"url\":\"https://www.manta.com/c/mk7r6rm/starbucks\",\"uniqueKey\":\"https://www.manta.com/c/mk7r6rm/starbucks\",\"method\":\"GET\",\"noRetry\":false,\"retryCount\":0,\"errorMessages\":[],\"headers\":{},\"userData\":{\"fromListing\":true,\"label\":\"detail\"}}",
	"method": "GET",
	"orderNo": 1755098702074,
	"retryCount": 0,
	"uniqueKey": "https://www.manta.com/c/mk7r6rm/starbucks",
	"url": "https://www.manta.com/c/mk7r6rm/starbucks"
}