{
	"id": "cZBSSuqEFpfnSq9",
	"json": "{\"id\":\"cZBSSuqEFpfnSq9\",\"url\":\"https://www.manta.com/c/mbgqdns/starbucks\",\"loadedUrl\":\"https://www.manta.com/c/mbgqdns/starbucks\",\"uniqueKey\":\"https://www.manta.com/c/mbgqdns/starbucks\",\"method\":\"GET\",\"noRetry\":false,\"retryCount\":0,\"errorMessages\":[],\"headers\":{},\"userData\":{\"fromListing\":true,\"label\":\"detail\",\"__crawlee\":{\"state\":4}},\"handledAt\":\"2025-08-13T15:23:38.697Z\"}",
	"method": "GET",
	"orderNo": null,
	"retryCount": 0,
	"uniqueKey": "https://www.manta.com/c/mbgqdns/starbucks",
	"url": "https://www.manta.com/c/mbgqdns/starbucks"
}