{
	"id": "D1RoGpCLkEuVa9R",
	"json": "{\"id\":\"D1RoGpCLkEuVa9R\",\"url\":\"http://indianindy.com/india-palace/\",\"uniqueKey\":\"http://indianindy.com/india-palace\",\"method\":\"GET\",\"noRetry\":false,\"retryCount\":0,\"errorMessages\":[],\"headers\":{},\"userData\":{\"url\":\"https://www.manta.com/c/mtrg00g/india-palace-restaurant\",\"title\":\"India Palace Restaurant\",\"phone\":\"(317) 298-0773\",\"address\":\"4213 Lafayette Road Indianapolis, IN 46254\",\"website\":\"http://indianindy.com/india-palace/\",\"email\":null,\"label\":\"website_scraper\"}}",
	"method": "GET",
	"orderNo": 1755099610596,
	"retryCount": 0,
	"uniqueKey": "http://indianindy.com/india-palace",
	"url": "http://indianindy.com/india-palace/"
}