{
	"id": "DUUreJ2D298gM1v",
	"json": "{\"id\":\"DUUreJ2D298gM1v\",\"url\":\"https://www.manta.com/c/mk7rz3m/starbucks\",\"uniqueKey\":\"https://www.manta.com/c/mk7rz3m/starbucks\",\"method\":\"GET\",\"noRetry\":false,\"retryCount\":0,\"errorMessages\":[],\"headers\":{},\"userData\":{\"fromListing\":true,\"label\":\"detail\"}}",
	"method": "GET",
	"orderNo": 1755098702037,
	"retryCount": 0,
	"uniqueKey": "https://www.manta.com/c/mk7rz3m/starbucks",
	"url": "https://www.manta.com/c/mk7rz3m/starbucks"
}