{
	"id": "eb1B7b5TVtPrBrn",
	"json": "{\"id\":\"eb1B7b5TVtPrBrn\",\"url\":\"https://www.manta.com/c/mt96yhm/little-caesars-pizza\",\"loadedUrl\":\"https://www.manta.com/c/mt96yhm/little-caesars-pizza\",\"uniqueKey\":\"https://www.manta.com/c/mt96yhm/little-caesars-pizza\",\"method\":\"GET\",\"noRetry\":false,\"retryCount\":0,\"errorMessages\":[],\"headers\":{},\"userData\":{\"fromListing\":true,\"label\":\"detail\",\"__crawlee\":{\"state\":4}},\"handledAt\":\"2025-08-13T15:22:17.987Z\"}",
	"method": "GET",
	"orderNo": null,
	"retryCount": 0,
	"uniqueKey": "https://www.manta.com/c/mt96yhm/little-caesars-pizza",
	"url": "https://www.manta.com/c/mt96yhm/little-caesars-pizza"
}