{
	"id": "ecgMs3m74OKIt3L",
	"json": "{\"id\":\"ecgMs3m74OKIt3L\",\"url\":\"https://www.manta.com/c/mhxwhz8/little-caesars-pizza\",\"loadedUrl\":\"https://www.manta.com/c/mhxwhz8/little-caesars-pizza\",\"uniqueKey\":\"https://www.manta.com/c/mhxwhz8/little-caesars-pizza\",\"method\":\"GET\",\"noRetry\":false,\"retryCount\":0,\"errorMessages\":[],\"headers\":{},\"userData\":{\"fromListing\":true,\"label\":\"detail\",\"__crawlee\":{\"state\":4}},\"handledAt\":\"2025-08-13T15:22:15.175Z\"}",
	"method": "GET",
	"orderNo": null,
	"retryCount": 0,
	"uniqueKey": "https://www.manta.com/c/mhxwhz8/little-caesars-pizza",
	"url": "https://www.manta.com/c/mhxwhz8/little-caesars-pizza"
}