{
	"id": "eFqmB2DnallPILB",
	"json": "{\"id\":\"eFqmB2DnallPILB\",\"url\":\"https://www.manta.com/c/mk7rzzb/starbucks\",\"loadedUrl\":\"https://www.manta.com/c/mk7rzzb/starbucks\",\"uniqueKey\":\"https://www.manta.com/c/mk7rzzb/starbucks\",\"method\":\"GET\",\"noRetry\":false,\"retryCount\":0,\"errorMessages\":[],\"headers\":{},\"userData\":{\"fromListing\":true,\"label\":\"detail\",\"__crawlee\":{\"state\":4}},\"handledAt\":\"2025-08-13T15:23:05.933Z\"}",
	"method": "GET",
	"orderNo": null,
	"retryCount": 0,
	"uniqueKey": "https://www.manta.com/c/mk7rzzb/starbucks",
	"url": "https://www.manta.com/c/mk7rzzb/starbucks"
}