{
	"id": "ErlmAO4lf4YOuwX",
	"json": "{\"id\":\"ErlmAO4lf4YOuwX\",\"url\":\"https://www.manta.com/search?search=Restaurants&context=industry&search_source=nav&city=Indianapolis&state=Indiana&device=desktop&screenResolution=1920x1080&pg=1&radius=1.6\",\"uniqueKey\":\"https://www.manta.com/search?city=Indianapolis&context=industry&device=desktop&pg=1&radius=1.6&screenResolution=1920x1080&search=Restaurants&search_source=nav&state=Indiana\",\"method\":\"GET\",\"noRetry\":false,\"retryCount\":0,\"errorMessages\":[],\"headers\":{},\"userData\":{\"fromListing\":true,\"label\":\"listing\"}}",
	"method": "GET",
	"orderNo": 1755099379420,
	"retryCount": 0,
	"uniqueKey": "https://www.manta.com/search?city=Indianapolis&context=industry&device=desktop&pg=1&radius=1.6&screenResolution=1920x1080&search=Restaurants&search_source=nav&state=Indiana",
	"url": "https://www.manta.com/search?search=Restaurants&context=industry&search_source=nav&city=Indianapolis&state=Indiana&device=desktop&screenResolution=1920x1080&pg=1&radius=1.6"
}