{
	"id": "euD8la2eRxupc4i",
	"json": "{\"id\":\"euD8la2eRxupc4i\",\"url\":\"https://www.manta.com/c/mk7r6fs/starbucks\",\"uniqueKey\":\"https://www.manta.com/c/mk7r6fs/starbucks\",\"method\":\"GET\",\"noRetry\":false,\"retryCount\":0,\"errorMessages\":[],\"headers\":{},\"userData\":{\"fromListing\":true,\"label\":\"detail\"}}",
	"method": "GET",
	"orderNo": 1755098702026,
	"retryCount": 0,
	"uniqueKey": "https://www.manta.com/c/mk7r6fs/starbucks",
	"url": "https://www.manta.com/c/mk7r6fs/starbucks"
}