{
	"id": "F9OMfjItqSlKVkh",
	"json": "{\"id\":\"F9OMfjItqSlKVkh\",\"url\":\"https://www.manta.com/c/m1wxn2d/o-charley-s-restaurant-bar\",\"uniqueKey\":\"https://www.manta.com/c/m1wxn2d/o-charley-s-restaurant-bar\",\"method\":\"GET\",\"noRetry\":false,\"retryCount\":0,\"errorMessages\":[],\"headers\":{},\"userData\":{\"fromListing\":true,\"label\":\"detail\"}}",
	"method": "GET",
	"orderNo": 1755098702051,
	"retryCount": 0,
	"uniqueKey": "https://www.manta.com/c/m1wxn2d/o-charley-s-restaurant-bar",
	"url": "https://www.manta.com/c/m1wxn2d/o-charley-s-restaurant-bar"
}