{
	"id": "fcOz2YgdAEA4tv3",
	"json": "{\"id\":\"fcOz2YgdAEA4tv3\",\"url\":\"https://homestylefoodindianapolis.com\",\"uniqueKey\":\"https://homestylefoodindianapolis.com\",\"method\":\"GET\",\"noRetry\":false,\"retryCount\":0,\"errorMessages\":[],\"headers\":{},\"userData\":{\"url\":\"https://www.manta.com/c/m1rlxlw/bbq-outlawz\",\"title\":\"BBQ Outlawz\",\"phone\":\"(317) 934-6632\",\"address\":\"Service Area Indianapolis, IN 46222\",\"website\":\"https://homestylefoodindianapolis.com\",\"email\":null,\"label\":\"website_scraper\"}}",
	"method": "GET",
	"orderNo": 1755099709693,
	"retryCount": 0,
	"uniqueKey": "https://homestylefoodindianapolis.com",
	"url": "https://homestylefoodindianapolis.com"
}