{
	"id": "ffulJ52CcoPSyfS",
	"json": "{\"id\":\"ffulJ52CcoPSyfS\",\"url\":\"https://www.manta.com/c/mk7tnwz/toppers-pizza\",\"loadedUrl\":\"https://www.manta.com/c/mk7tnwz/toppers-pizza\",\"uniqueKey\":\"https://www.manta.com/c/mk7tnwz/toppers-pizza\",\"method\":\"GET\",\"noRetry\":false,\"retryCount\":0,\"errorMessages\":[],\"headers\":{},\"userData\":{\"fromListing\":true,\"label\":\"detail\",\"__crawlee\":{\"state\":4}},\"handledAt\":\"2025-08-13T15:21:41.578Z\"}",
	"method": "GET",
	"orderNo": null,
	"retryCount": 0,
	"uniqueKey": "https://www.manta.com/c/mk7tnwz/toppers-pizza",
	"url": "https://www.manta.com/c/mk7tnwz/toppers-pizza"
}