{
	"id": "fFZzHa4ByBl7ufl",
	"json": "{\"id\":\"fFZzHa4ByBl7ufl\",\"url\":\"https://www.manta.com/c/mk7r691/starbucks\",\"loadedUrl\":\"https://www.manta.com/c/mk7r691/starbucks\",\"uniqueKey\":\"https://www.manta.com/c/mk7r691/starbucks\",\"method\":\"GET\",\"noRetry\":false,\"retryCount\":0,\"errorMessages\":[],\"headers\":{},\"userData\":{\"fromListing\":true,\"label\":\"detail\",\"__crawlee\":{\"state\":4}},\"handledAt\":\"2025-08-13T15:34:17.603Z\"}",
	"method": "GET",
	"orderNo": null,
	"retryCount": 0,
	"uniqueKey": "https://www.manta.com/c/mk7r691/starbucks",
	"url": "https://www.manta.com/c/mk7r691/starbucks"
}