{
	"id": "FlddLZGclBKllbT",
	"json": "{\"id\":\"FlddLZGclBKllbT\",\"url\":\"https://www.manta.com/c/m1w0zw5/starbucks\",\"loadedUrl\":\"https://www.manta.com/c/m1w0zw5/starbucks\",\"uniqueKey\":\"https://www.manta.com/c/m1w0zw5/starbucks\",\"method\":\"GET\",\"noRetry\":false,\"retryCount\":0,\"errorMessages\":[],\"headers\":{},\"userData\":{\"fromListing\":true,\"label\":\"detail\",\"__crawlee\":{\"state\":4}},\"handledAt\":\"2025-08-13T15:34:57.171Z\"}",
	"method": "GET",
	"orderNo": null,
	"retryCount": 0,
	"uniqueKey": "https://www.manta.com/c/m1w0zw5/starbucks",
	"url": "https://www.manta.com/c/m1w0zw5/starbucks"
}