{
	"id": "fmWr4o5VNCEOCgH",
	"json": "{\"id\":\"fmWr4o5VNCEOCgH\",\"url\":\"https://www.manta.com/c/mk7ts2b/famous-dave-s-bar-b-que\",\"loadedUrl\":\"https://www.manta.com/c/mk7ts2b/famous-dave-s-bar-b-que\",\"uniqueKey\":\"https://www.manta.com/c/mk7ts2b/famous-dave-s-bar-b-que\",\"method\":\"GET\",\"noRetry\":false,\"retryCount\":0,\"errorMessages\":[],\"headers\":{},\"userData\":{\"fromListing\":true,\"label\":\"detail\",\"__crawlee\":{\"state\":4}},\"handledAt\":\"2025-08-13T15:37:30.443Z\"}",
	"method": "GET",
	"orderNo": null,
	"retryCount": 0,
	"uniqueKey": "https://www.manta.com/c/mk7ts2b/famous-dave-s-bar-b-que",
	"url": "https://www.manta.com/c/mk7ts2b/famous-dave-s-bar-b-que"
}