{
	"id": "FQFomWUSi7oeiZ7",
	"json": "{\"id\":\"FQFomWUSi7oeiZ7\",\"url\":\"https://www.manta.com/c/mx79rrm/chef-joseph-s-at-the-connoisseur-room\",\"loadedUrl\":\"https://www.manta.com/c/mx79rrm/chef-joseph-s-at-the-connoisseur-room\",\"uniqueKey\":\"https://www.manta.com/c/mx79rrm/chef-joseph-s-at-the-connoisseur-room\",\"method\":\"GET\",\"noRetry\":false,\"retryCount\":0,\"errorMessages\":[],\"headers\":{},\"userData\":{\"fromListing\":true,\"label\":\"detail\",\"__crawlee\":{\"state\":4}},\"handledAt\":\"2025-08-13T15:21:27.506Z\"}",
	"method": "GET",
	"orderNo": null,
	"retryCount": 0,
	"uniqueKey": "https://www.manta.com/c/mx79rrm/chef-joseph-s-at-the-connoisseur-room",
	"url": "https://www.manta.com/c/mx79rrm/chef-joseph-s-at-the-connoisseur-room"
}