{
	"id": "FUd3t4iteywiWkv",
	"json": "{\"id\":\"FUd3t4iteywiWkv\",\"url\":\"https://www.manta.com/c/mx5vblx/total-takeout\",\"uniqueKey\":\"https://www.manta.com/c/mx5vblx/total-takeout\",\"method\":\"GET\",\"noRetry\":false,\"retryCount\":0,\"errorMessages\":[],\"headers\":{},\"userData\":{\"fromListing\":true,\"label\":\"detail\"}}",
	"method": "GET",
	"orderNo": 1755098702068,
	"retryCount": 0,
	"uniqueKey": "https://www.manta.com/c/mx5vblx/total-takeout",
	"url": "https://www.manta.com/c/mx5vblx/total-takeout"
}