{
	"id": "G0kPxszK7zIQu38",
	"json": "{\"id\":\"G0kPxszK7zIQu38\",\"url\":\"https://www.manta.com/c/mk7rzpp/starbucks\",\"loadedUrl\":\"https://www.manta.com/c/mk7rzpp/starbucks\",\"uniqueKey\":\"https://www.manta.com/c/mk7rzpp/starbucks\",\"method\":\"GET\",\"noRetry\":false,\"retryCount\":0,\"errorMessages\":[],\"headers\":{},\"userData\":{\"fromListing\":true,\"label\":\"detail\",\"__crawlee\":{\"state\":4}},\"handledAt\":\"2025-08-13T15:34:31.750Z\"}",
	"method": "GET",
	"orderNo": null,
	"retryCount": 0,
	"uniqueKey": "https://www.manta.com/c/mk7rzpp/starbucks",
	"url": "https://www.manta.com/c/mk7rzpp/starbucks"
}