{
	"id": "GCzgIUPg1Wd1RDb",
	"json": "{\"id\":\"GCzgIUPg1Wd1RDb\",\"url\":\"https://www.manta.com/c/m1wn4td/chuck-e-cheese\",\"loadedUrl\":\"https://www.manta.com/c/m1wn4td/chuck-e-cheese\",\"uniqueKey\":\"https://www.manta.com/c/m1wn4td/chuck-e-cheese\",\"method\":\"GET\",\"noRetry\":false,\"retryCount\":0,\"errorMessages\":[],\"headers\":{},\"userData\":{\"fromListing\":true,\"label\":\"detail\",\"__crawlee\":{\"state\":4}},\"handledAt\":\"2025-08-13T15:33:43.155Z\"}",
	"method": "GET",
	"orderNo": null,
	"retryCount": 0,
	"uniqueKey": "https://www.manta.com/c/m1wn4td/chuck-e-cheese",
	"url": "https://www.manta.com/c/m1wn4td/chuck-e-cheese"
}