{
	"id": "gETF2ngGBNyuW8n",
	"json": "{\"id\":\"gETF2ngGBNyuW8n\",\"url\":\"https://www.starbucks.com/store-locator/store/10830\",\"loadedUrl\":\"https://www.starbucks.com/store-locator?map=39.635307,-101.337891,5z\",\"uniqueKey\":\"https://www.starbucks.com/store-locator/store/10830\",\"method\":\"GET\",\"noRetry\":false,\"retryCount\":0,\"errorMessages\":[],\"headers\":{},\"userData\":{\"url\":\"https://www.manta.com/c/mk7rzzb/starbucks\",\"title\":\"Starbucks\",\"phone\":\"(317) 616-6106\",\"address\":\"1 South Capitol Avenue Indianapolis, IN 46204\",\"website\":\"https://www.starbucks.com/store-locator/store/10830\",\"email\":null,\"label\":\"website_scraper\",\"__crawlee\":{\"state\":4}},\"handledAt\":\"2025-08-13T15:31:37.978Z\"}",
	"method": "GET",
	"orderNo": null,
	"retryCount": 0,
	"uniqueKey": "https://www.starbucks.com/store-locator/store/10830",
	"url": "https://www.starbucks.com/store-locator/store/10830"
}