{
	"id": "GhRzARoLmq0nh6a",
	"json": "{\"id\":\"GhRzARoLmq0nh6a\",\"url\":\"https://www.manta.com/c/m1xmfv2/starbucks\",\"loadedUrl\":\"https://www.manta.com/c/m1xmfv2/starbucks\",\"uniqueKey\":\"https://www.manta.com/c/m1xmfv2/starbucks\",\"method\":\"GET\",\"noRetry\":false,\"retryCount\":0,\"errorMessages\":[],\"headers\":{},\"userData\":{\"fromListing\":true,\"label\":\"detail\",\"__crawlee\":{\"state\":4}},\"handledAt\":\"2025-08-13T15:40:22.297Z\"}",
	"method": "GET",
	"orderNo": null,
	"retryCount": 0,
	"uniqueKey": "https://www.manta.com/c/m1xmfv2/starbucks",
	"url": "https://www.manta.com/c/m1xmfv2/starbucks"
}