{
	"id": "gM2mO3Phuzgi1YU",
	"json": "{\"id\":\"gM2mO3Phuzgi1YU\",\"url\":\"https://www.manta.com/c/mt1bc5p/nicole-taylor-s-pasta-market-backroom-eatery\",\"loadedUrl\":\"https://www.manta.com/c/mt1bc5p/nicole-taylor-s-pasta-market-backroom-eatery\",\"uniqueKey\":\"https://www.manta.com/c/mt1bc5p/nicole-taylor-s-pasta-market-backroom-eatery\",\"method\":\"GET\",\"noRetry\":false,\"retryCount\":0,\"errorMessages\":[],\"headers\":{},\"userData\":{\"fromListing\":true,\"label\":\"detail\",\"__crawlee\":{\"state\":4}},\"handledAt\":\"2025-08-13T15:45:33.834Z\"}",
	"method": "GET",
	"orderNo": null,
	"retryCount": 0,
	"uniqueKey": "https://www.manta.com/c/mt1bc5p/nicole-taylor-s-pasta-market-backroom-eatery",
	"url": "https://www.manta.com/c/mt1bc5p/nicole-taylor-s-pasta-market-backroom-eatery"
}