{
	"id": "gm3JhMyewoIQ4bN",
	"json": "{\"id\":\"gm3JhMyewoIQ4bN\",\"url\":\"https://www.manta.com/c/mmn61m0/starbucks\",\"uniqueKey\":\"https://www.manta.com/c/mmn61m0/starbucks\",\"method\":\"GET\",\"noRetry\":false,\"retryCount\":0,\"errorMessages\":[],\"headers\":{},\"userData\":{\"fromListing\":true,\"label\":\"detail\"}}",
	"method": "GET",
	"orderNo": 1755098702023,
	"retryCount": 0,
	"uniqueKey": "https://www.manta.com/c/mmn61m0/starbucks",
	"url": "https://www.manta.com/c/mmn61m0/starbucks"
}