{
	"id": "GRAX79iyxAFqtzB",
	"json": "{\"id\":\"GRAX79iyxAFqtzB\",\"url\":\"https://www.starbucks.com/store-locator/store/13629/\",\"loadedUrl\":\"https://www.starbucks.com/store-locator?map=39.635307,-101.337891,5z\",\"uniqueKey\":\"https://www.starbucks.com/store-locator/store/13629\",\"method\":\"GET\",\"noRetry\":false,\"retryCount\":0,\"errorMessages\":[],\"headers\":{},\"userData\":{\"url\":\"https://www.manta.com/c/mm3g9bp/starbucks\",\"title\":\"Starbucks\",\"phone\":\"(317) 795-1084\",\"address\":\"645 West 11th Street Indianapolis, IN 46202\",\"website\":\"https://www.starbucks.com/store-locator/store/13629/\",\"email\":null,\"label\":\"website_scraper\",\"__crawlee\":{\"state\":4}},\"handledAt\":\"2025-08-13T15:31:57.350Z\"}",
	"method": "GET",
	"orderNo": null,
	"retryCount": 0,
	"uniqueKey": "https://www.starbucks.com/store-locator/store/13629",
	"url": "https://www.starbucks.com/store-locator/store/13629/"
}