{
	"id": "H3DQtzj1s5E4eBB",
	"json": "{\"id\":\"H3DQtzj1s5E4eBB\",\"url\":\"https://www.manta.com/c/m1rfwrv/ten-hands-social-bar-eatery\",\"uniqueKey\":\"https://www.manta.com/c/m1rfwrv/ten-hands-social-bar-eatery\",\"method\":\"GET\",\"noRetry\":false,\"retryCount\":0,\"errorMessages\":[],\"headers\":{},\"userData\":{\"fromListing\":true,\"label\":\"detail\"}}",
	"method": "GET",
	"orderNo": 1755098701973,
	"retryCount": 0,
	"uniqueKey": "https://www.manta.com/c/m1rfwrv/ten-hands-social-bar-eatery",
	"url": "https://www.manta.com/c/m1rfwrv/ten-hands-social-bar-eatery"
}