{
	"id": "h581jsYynPXibDj",
	"json": "{\"id\":\"h581jsYynPXibDj\",\"url\":\"https://www.manta.com/c/m1wjd39/crumbl-keystone-shoppes\",\"loadedUrl\":\"https://www.manta.com/c/m1wjd39/crumbl-keystone-shoppes\",\"uniqueKey\":\"https://www.manta.com/c/m1wjd39/crumbl-keystone-shoppes\",\"method\":\"GET\",\"noRetry\":false,\"retryCount\":0,\"errorMessages\":[],\"headers\":{},\"userData\":{\"fromListing\":true,\"label\":\"detail\",\"__crawlee\":{\"state\":4}},\"handledAt\":\"2025-08-13T15:39:55.944Z\"}",
	"method": "GET",
	"orderNo": null,
	"retryCount": 0,
	"uniqueKey": "https://www.manta.com/c/m1wjd39/crumbl-keystone-shoppes",
	"url": "https://www.manta.com/c/m1wjd39/crumbl-keystone-shoppes"
}