{
	"id": "H6w9UHyaAitXDpO",
	"json": "{\"id\":\"H6w9UHyaAitXDpO\",\"url\":\"https://www.manta.com/c/mk7s00k/starbucks\",\"loadedUrl\":\"https://www.manta.com/c/mk7s00k/starbucks\",\"uniqueKey\":\"https://www.manta.com/c/mk7s00k/starbucks\",\"method\":\"GET\",\"noRetry\":false,\"retryCount\":0,\"errorMessages\":[],\"headers\":{},\"userData\":{\"fromListing\":true,\"label\":\"detail\",\"__crawlee\":{\"state\":4}},\"handledAt\":\"2025-08-13T15:21:42.985Z\"}",
	"method": "GET",
	"orderNo": null,
	"retryCount": 0,
	"uniqueKey": "https://www.manta.com/c/mk7s00k/starbucks",
	"url": "https://www.manta.com/c/mk7s00k/starbucks"
}