{
	"id": "H9AUrpqMyfq5HOw",
	"json": "{\"id\":\"H9AUrpqMyfq5HOw\",\"url\":\"https://www.manta.com/c/mk7r6cx/starbucks\",\"loadedUrl\":\"https://www.manta.com/c/mk7r6cx/starbucks\",\"uniqueKey\":\"https://www.manta.com/c/mk7r6cx/starbucks\",\"method\":\"GET\",\"noRetry\":false,\"retryCount\":0,\"errorMessages\":[],\"headers\":{},\"userData\":{\"fromListing\":true,\"label\":\"detail\",\"__crawlee\":{\"state\":4}},\"handledAt\":\"2025-08-13T15:23:49.735Z\"}",
	"method": "GET",
	"orderNo": null,
	"retryCount": 0,
	"uniqueKey": "https://www.manta.com/c/mk7r6cx/starbucks",
	"url": "https://www.manta.com/c/mk7r6cx/starbucks"
}