{
	"id": "hawSKWzfKixzyk1",
	"json": "{\"id\":\"hawSKWzfKixzyk1\",\"url\":\"https://crumblcookies.com/keystoneshoppes\",\"uniqueKey\":\"https://crumblcookies.com/keystoneshoppes\",\"method\":\"GET\",\"noRetry\":false,\"retryCount\":0,\"errorMessages\":[],\"headers\":{},\"userData\":{\"url\":\"https://www.manta.com/c/m1wjd39/crumbl-keystone-shoppes\",\"title\":\"Crumbl - Keystone Shoppes\",\"phone\":\"(317) 343-0446\",\"address\":\"3329 East 86th Street Indianapolis, IN 46240\",\"website\":\"https://crumblcookies.com/keystoneshoppes\",\"email\":null,\"label\":\"website_scraper\"}}",
	"method": "GET",
	"orderNo": 1755099595940,
	"retryCount": 0,
	"uniqueKey": "https://crumblcookies.com/keystoneshoppes",
	"url": "https://crumblcookies.com/keystoneshoppes"
}