{
	"id": "hfOSw3lDQUO5O2D",
	"json": "{\"id\":\"hfOSw3lDQUO5O2D\",\"url\":\"https://www.manta.com/c/mhx86cl/green-kale-shakes-llc\",\"loadedUrl\":\"https://www.manta.com/c/mhx86cl/green-kale-shakes-llc\",\"uniqueKey\":\"https://www.manta.com/c/mhx86cl/green-kale-shakes-llc\",\"method\":\"GET\",\"noRetry\":false,\"retryCount\":0,\"errorMessages\":[],\"headers\":{},\"userData\":{\"fromListing\":true,\"label\":\"detail\",\"__crawlee\":{\"state\":4}},\"handledAt\":\"2025-08-13T15:44:07.567Z\"}",
	"method": "GET",
	"orderNo": null,
	"retryCount": 0,
	"uniqueKey": "https://www.manta.com/c/mhx86cl/green-kale-shakes-llc",
	"url": "https://www.manta.com/c/mhx86cl/green-kale-shakes-llc"
}