{
	"id": "hou3Xml35RyI8Ey",
	"json": "{\"id\":\"hou3Xml35RyI8Ey\",\"url\":\"https://www.starbucks.com/store-locator/store/14323\",\"uniqueKey\":\"https://www.starbucks.com/store-locator/store/14323\",\"method\":\"GET\",\"noRetry\":false,\"retryCount\":0,\"errorMessages\":[],\"headers\":{},\"userData\":{\"url\":\"https://www.manta.com/c/mk7rz01/starbucks\",\"title\":\"Starbucks\",\"phone\":\"(317) 329-1034\",\"address\":\"6925 West 38th Street Indianapolis, IN 46254\",\"website\":\"https://www.starbucks.com/store-locator/store/14323\",\"email\":null,\"label\":\"website_scraper\"}}",
	"method": "GET",
	"orderNo": 1755099321141,
	"retryCount": 0,
	"uniqueKey": "https://www.starbucks.com/store-locator/store/14323",
	"url": "https://www.starbucks.com/store-locator/store/14323"
}