{
	"id": "hq5ektxmPHp6MlH",
	"json": "{\"id\":\"hq5ektxmPHp6MlH\",\"url\":\"https://littlecaesars.com/en-us/store/11018\",\"loadedUrl\":\"https://littlecaesars.com/en-us/store/11018/\",\"uniqueKey\":\"https://littlecaesars.com/en-us/store/11018\",\"method\":\"GET\",\"noRetry\":false,\"retryCount\":0,\"errorMessages\":[],\"headers\":{},\"userData\":{\"url\":\"https://www.manta.com/c/mk7wqxz/little-caesars-pizza\",\"title\":\"Little Caesars Pizza\",\"phone\":\"(317) 297-3419\",\"address\":\"5627 Georgetown Road Indianapolis, IN 46254\",\"website\":\"https://littlecaesars.com/en-us/store/11018\",\"email\":null,\"label\":\"website_scraper\",\"__crawlee\":{\"state\":4}},\"handledAt\":\"2025-08-13T15:30:12.166Z\"}",
	"method": "GET",
	"orderNo": null,
	"retryCount": 0,
	"uniqueKey": "https://littlecaesars.com/en-us/store/11018",
	"url": "https://littlecaesars.com/en-us/store/11018"
}