{
	"id": "hVYybXuY81rZetL",
	"json": "{\"id\":\"hVYybXuY81rZetL\",\"url\":\"https://www.manta.com/c/mry4pmd/little-caesars-pizza\",\"loadedUrl\":\"https://www.manta.com/c/mry4pmd/little-caesars-pizza\",\"uniqueKey\":\"https://www.manta.com/c/mry4pmd/little-caesars-pizza\",\"method\":\"GET\",\"noRetry\":false,\"retryCount\":0,\"errorMessages\":[],\"headers\":{},\"userData\":{\"fromListing\":true,\"label\":\"detail\",\"__crawlee\":{\"state\":4}},\"handledAt\":\"2025-08-13T15:22:58.167Z\"}",
	"method": "GET",
	"orderNo": null,
	"retryCount": 0,
	"uniqueKey": "https://www.manta.com/c/mry4pmd/little-caesars-pizza",
	"url": "https://www.manta.com/c/mry4pmd/little-caesars-pizza"
}