{
	"id": "I1Gx7OyfJNp68b5",
	"json": "{\"id\":\"I1Gx7OyfJNp68b5\",\"url\":\"https://www.manta.com/c/m1wxxmn/jokkymore-dchef-food-services-african-market-llc\",\"loadedUrl\":\"https://www.manta.com/c/m1wxxmn/jokkymore-dchef-food-services-african-market-llc\",\"uniqueKey\":\"https://www.manta.com/c/m1wxxmn/jokkymore-dchef-food-services-african-market-llc\",\"method\":\"GET\",\"noRetry\":false,\"retryCount\":0,\"errorMessages\":[],\"headers\":{},\"userData\":{\"fromListing\":true,\"label\":\"detail\",\"__crawlee\":{\"state\":4}},\"handledAt\":\"2025-08-13T15:34:57.528Z\"}",
	"method": "GET",
	"orderNo": null,
	"retryCount": 0,
	"uniqueKey": "https://www.manta.com/c/m1wxxmn/jokkymore-dchef-food-services-african-market-llc",
	"url": "https://www.manta.com/c/m1wxxmn/jokkymore-dchef-food-services-african-market-llc"
}