{
	"id": "i2Zk6aEcby7MBNU",
	"json": "{\"id\":\"i2Zk6aEcby7MBNU\",\"url\":\"https://www.manta.com/c/m1rs350/command-coffee\",\"uniqueKey\":\"https://www.manta.com/c/m1rs350/command-coffee\",\"method\":\"GET\",\"noRetry\":false,\"retryCount\":0,\"errorMessages\":[],\"headers\":{},\"userData\":{\"fromListing\":true,\"label\":\"detail\"}}",
	"method": "GET",
	"orderNo": 1755098701967,
	"retryCount": 0,
	"uniqueKey": "https://www.manta.com/c/m1rs350/command-coffee",
	"url": "https://www.manta.com/c/m1rs350/command-coffee"
}