{
	"id": "I4ZYxlD1oiIXmBC",
	"json": "{\"id\":\"I4ZYxlD1oiIXmBC\",\"url\":\"https://www.starbucks.com/store-locator/store/13438/\",\"loadedUrl\":\"https://www.starbucks.com/store-locator?map=39.635307,-101.337891,5z\",\"uniqueKey\":\"https://www.starbucks.com/store-locator/store/13438\",\"method\":\"GET\",\"noRetry\":false,\"retryCount\":0,\"errorMessages\":[],\"headers\":{},\"userData\":{\"url\":\"https://www.manta.com/c/mkk19wj/starbucks\",\"title\":\"Starbucks\",\"phone\":\"(317) 423-9328\",\"address\":\"430 Massachusetts Avenue Indianapolis, IN 46204\",\"website\":\"https://www.starbucks.com/store-locator/store/13438/\",\"email\":null,\"label\":\"website_scraper\",\"__crawlee\":{\"state\":4}},\"handledAt\":\"2025-08-13T15:32:54.634Z\"}",
	"method": "GET",
	"orderNo": null,
	"retryCount": 0,
	"uniqueKey": "https://www.starbucks.com/store-locator/store/13438",
	"url": "https://www.starbucks.com/store-locator/store/13438/"
}