{
	"id": "id8RD7oK474r24H",
	"json": "{\"id\":\"id8RD7oK474r24H\",\"url\":\"https://www.manta.com/c/mmgmt6z/starbucks\",\"loadedUrl\":\"https://www.manta.com/c/mmgmt6z/starbucks\",\"uniqueKey\":\"https://www.manta.com/c/mmgmt6z/starbucks\",\"method\":\"GET\",\"noRetry\":false,\"retryCount\":0,\"errorMessages\":[],\"headers\":{},\"userData\":{\"fromListing\":true,\"label\":\"detail\",\"__crawlee\":{\"state\":4}},\"handledAt\":\"2025-08-13T15:40:09.384Z\"}",
	"method": "GET",
	"orderNo": null,
	"retryCount": 0,
	"uniqueKey": "https://www.manta.com/c/mmgmt6z/starbucks",
	"url": "https://www.manta.com/c/mmgmt6z/starbucks"
}