{
	"id": "ijHogv2m6ispVQg",
	"json": "{\"id\":\"ijHogv2m6ispVQg\",\"url\":\"https://www.manta.com/c/mk7r6hs/starbucks\",\"loadedUrl\":\"https://www.manta.com/c/mk7r6hs/starbucks\",\"uniqueKey\":\"https://www.manta.com/c/mk7r6hs/starbucks\",\"method\":\"GET\",\"noRetry\":false,\"retryCount\":0,\"errorMessages\":[],\"headers\":{},\"userData\":{\"fromListing\":true,\"label\":\"detail\",\"__crawlee\":{\"state\":4}},\"handledAt\":\"2025-08-13T15:33:30.795Z\"}",
	"method": "GET",
	"orderNo": null,
	"retryCount": 0,
	"uniqueKey": "https://www.manta.com/c/mk7r6hs/starbucks",
	"url": "https://www.manta.com/c/mk7r6hs/starbucks"
}