{
	"id": "IkawagZEBgWmZYV",
	"json": "{\"id\":\"IkawagZEBgWmZYV\",\"url\":\"https://www.highvelocityindy.com/\",\"loadedUrl\":\"https://www.highvelocityindy.com/\",\"uniqueKey\":\"https://www.highvelocityindy.com\",\"method\":\"GET\",\"noRetry\":false,\"retryCount\":0,\"errorMessages\":[],\"headers\":{},\"userData\":{\"url\":\"https://www.manta.com/c/m1wn5v5/high-velocity\",\"title\":\"High Velocity\",\"phone\":\"(317) 860-6500\",\"address\":\"10 South West Street Indianapolis, IN 46204\",\"website\":\"https://www.highvelocityindy.com/\",\"email\":null,\"label\":\"website_scraper\",\"__crawlee\":{\"state\":4}},\"handledAt\":\"2025-08-13T15:29:27.434Z\"}",
	"method": "GET",
	"orderNo": null,
	"retryCount": 0,
	"uniqueKey": "https://www.highvelocityindy.com",
	"url": "https://www.highvelocityindy.com/"
}