{
	"id": "iZV077AnYDlHBKG",
	"json": "{\"id\":\"iZV077AnYDlHBKG\",\"url\":\"https://www.manta.com/c/mk7wm1p/starbucks\",\"loadedUrl\":\"https://www.manta.com/c/mk7wm1p/starbucks\",\"uniqueKey\":\"https://www.manta.com/c/mk7wm1p/starbucks\",\"method\":\"GET\",\"noRetry\":false,\"retryCount\":0,\"errorMessages\":[],\"headers\":{},\"userData\":{\"fromListing\":true,\"label\":\"detail\",\"__crawlee\":{\"state\":4}},\"handledAt\":\"2025-08-13T15:43:05.777Z\"}",
	"method": "GET",
	"orderNo": null,
	"retryCount": 0,
	"uniqueKey": "https://www.manta.com/c/mk7wm1p/starbucks",
	"url": "https://www.manta.com/c/mk7wm1p/starbucks"
}