{
	"id": "JhzUkXUE0TW5PMD",
	"json": "{\"id\":\"JhzUkXUE0TW5PMD\",\"url\":\"https://www.manta.com/c/mbd0svp/clay-oven-indian-restaurant\",\"uniqueKey\":\"https://www.manta.com/c/mbd0svp/clay-oven-indian-restaurant\",\"method\":\"GET\",\"noRetry\":false,\"retryCount\":0,\"errorMessages\":[],\"headers\":{},\"userData\":{\"fromListing\":true,\"label\":\"detail\"}}",
	"method": "GET",
	"orderNo": 1755098701991,
	"retryCount": 0,
	"uniqueKey": "https://www.manta.com/c/mbd0svp/clay-oven-indian-restaurant",
	"url": "https://www.manta.com/c/mbd0svp/clay-oven-indian-restaurant"
}