{
	"id": "JL5rWew1IbbV1iH",
	"json": "{\"id\":\"JL5rWew1IbbV1iH\",\"url\":\"https://www.manta.com/c/mt5rjtc/starbucks\",\"loadedUrl\":\"https://www.manta.com/c/mt5rjtc/starbucks\",\"uniqueKey\":\"https://www.manta.com/c/mt5rjtc/starbucks\",\"method\":\"GET\",\"noRetry\":false,\"retryCount\":0,\"errorMessages\":[],\"headers\":{},\"userData\":{\"fromListing\":true,\"label\":\"detail\",\"__crawlee\":{\"state\":4}},\"handledAt\":\"2025-08-13T15:44:04.893Z\"}",
	"method": "GET",
	"orderNo": null,
	"retryCount": 0,
	"uniqueKey": "https://www.manta.com/c/mt5rjtc/starbucks",
	"url": "https://www.manta.com/c/mt5rjtc/starbucks"
}