{
	"id": "JvE23OCneVZsZ2S",
	"json": "{\"id\":\"JvE23OCneVZsZ2S\",\"url\":\"https://www.manta.com/c/m1r8rl5/clean-eatz\",\"uniqueKey\":\"https://www.manta.com/c/m1r8rl5/clean-eatz\",\"method\":\"GET\",\"noRetry\":false,\"retryCount\":0,\"errorMessages\":[],\"headers\":{},\"userData\":{\"fromListing\":true,\"label\":\"detail\"}}",
	"method": "GET",
	"orderNo": 1755098702065,
	"retryCount": 0,
	"uniqueKey": "https://www.manta.com/c/m1r8rl5/clean-eatz",
	"url": "https://www.manta.com/c/m1r8rl5/clean-eatz"
}