{
	"id": "Ki1WLUh6n5GIdrp",
	"json": "{\"id\":\"Ki1WLUh6n5GIdrp\",\"url\":\"https://www.manta.com/c/m1r2c6c/zaxbys-chicken-fingers-buffalo-wings\",\"uniqueKey\":\"https://www.manta.com/c/m1r2c6c/zaxbys-chicken-fingers-buffalo-wings\",\"method\":\"GET\",\"noRetry\":false,\"retryCount\":0,\"errorMessages\":[],\"headers\":{},\"userData\":{\"fromListing\":true,\"label\":\"detail\"}}",
	"method": "GET",
	"orderNo": 1755098701994,
	"retryCount": 0,
	"uniqueKey": "https://www.manta.com/c/m1r2c6c/zaxbys-chicken-fingers-buffalo-wings",
	"url": "https://www.manta.com/c/m1r2c6c/zaxbys-chicken-fingers-buffalo-wings"
}