{
	"id": "kM6pE2f7yz24b3C",
	"json": "{\"id\":\"kM6pE2f7yz24b3C\",\"url\":\"https://www.manta.com/c/mm5trhx/kitley-inn\",\"loadedUrl\":\"https://www.manta.com/c/mm5trhx/kitley-inn\",\"uniqueKey\":\"https://www.manta.com/c/mm5trhx/kitley-inn\",\"method\":\"GET\",\"noRetry\":false,\"retryCount\":0,\"errorMessages\":[],\"headers\":{},\"userData\":{\"fromListing\":true,\"label\":\"detail\",\"__crawlee\":{\"state\":4}},\"handledAt\":\"2025-08-13T15:44:14.423Z\"}",
	"method": "GET",
	"orderNo": null,
	"retryCount": 0,
	"uniqueKey": "https://www.manta.com/c/mm5trhx/kitley-inn",
	"url": "https://www.manta.com/c/mm5trhx/kitley-inn"
}