{
	"id": "KvOFq39IJfQJHpi",
	"json": "{\"id\":\"KvOFq39IJfQJHpi\",\"url\":\"https://sullivanssteakhouse.com/indianapolis/\",\"uniqueKey\":\"https://sullivanssteakhouse.com/indianapolis\",\"method\":\"GET\",\"noRetry\":false,\"retryCount\":0,\"errorMessages\":[],\"headers\":{},\"userData\":{\"url\":\"https://www.manta.com/c/mk7ts99/sullivan-s-steakhouse\",\"title\":\"Sullivan's Steakhouse\",\"phone\":\"(317) 580-1280\",\"address\":\"3316 East 86th Street Indianapolis, IN 46240\",\"website\":\"https://sullivanssteakhouse.com/indianapolis/\",\"email\":null,\"label\":\"website_scraper\"}}",
	"method": "GET",
	"orderNo": 1755099442431,
	"retryCount": 0,
	"uniqueKey": "https://sullivanssteakhouse.com/indianapolis",
	"url": "https://sullivanssteakhouse.com/indianapolis/"
}