{
	"id": "Lbf5UogM9y6jVeW",
	"json": "{\"id\":\"Lbf5UogM9y6jVeW\",\"url\":\"https://www.manta.com/c/mm3g9bp/starbucks\",\"loadedUrl\":\"https://www.manta.com/c/mm3g9bp/starbucks\",\"uniqueKey\":\"https://www.manta.com/c/mm3g9bp/starbucks\",\"method\":\"GET\",\"noRetry\":false,\"retryCount\":0,\"errorMessages\":[],\"headers\":{},\"userData\":{\"fromListing\":true,\"label\":\"detail\",\"__crawlee\":{\"state\":4}},\"handledAt\":\"2025-08-13T15:23:26.927Z\"}",
	"method": "GET",
	"orderNo": null,
	"retryCount": 0,
	"uniqueKey": "https://www.manta.com/c/mm3g9bp/starbucks",
	"url": "https://www.manta.com/c/mm3g9bp/starbucks"
}