{
	"id": "LrVA5JEfBbthj1X",
	"json": "{\"id\":\"LrVA5JEfBbthj1X\",\"url\":\"https://www.manta.com/c/mhpyvfq/dale-s-family-restaurant\",\"uniqueKey\":\"https://www.manta.com/c/mhpyvfq/dale-s-family-restaurant\",\"method\":\"GET\",\"noRetry\":false,\"retryCount\":0,\"errorMessages\":[],\"headers\":{},\"userData\":{\"fromListing\":true,\"label\":\"detail\"}}",
	"method": "GET",
	"orderNo": 1755098702045,
	"retryCount": 0,
	"uniqueKey": "https://www.manta.com/c/mhpyvfq/dale-s-family-restaurant",
	"url": "https://www.manta.com/c/mhpyvfq/dale-s-family-restaurant"
}