{
	"id": "m6yk486QVC9MFn2",
	"json": "{\"id\":\"m6yk486QVC9MFn2\",\"url\":\"https://www.manta.com/c/mk7r05c/starbucks\",\"loadedUrl\":\"https://www.manta.com/c/mk7r05c/starbucks\",\"uniqueKey\":\"https://www.manta.com/c/mk7r05c/starbucks\",\"method\":\"GET\",\"noRetry\":false,\"retryCount\":0,\"errorMessages\":[],\"headers\":{},\"userData\":{\"fromListing\":true,\"label\":\"detail\",\"__crawlee\":{\"state\":4}},\"handledAt\":\"2025-08-13T15:40:22.433Z\"}",
	"method": "GET",
	"orderNo": null,
	"retryCount": 0,
	"uniqueKey": "https://www.manta.com/c/mk7r05c/starbucks",
	"url": "https://www.manta.com/c/mk7r05c/starbucks"
}