{
	"id": "MIqOz6sEaP5uzVJ",
	"json": "{\"id\":\"MIqOz6sEaP5uzVJ\",\"url\":\"https://www.manta.com/c/m1rlxlw/bbq-outlawz\",\"loadedUrl\":\"https://www.manta.com/c/m1rlxlw/bbq-outlawz\",\"uniqueKey\":\"https://www.manta.com/c/m1rlxlw/bbq-outlawz\",\"method\":\"GET\",\"noRetry\":false,\"retryCount\":0,\"errorMessages\":[],\"headers\":{},\"userData\":{\"fromListing\":true,\"label\":\"detail\",\"__crawlee\":{\"state\":4}},\"handledAt\":\"2025-08-13T15:41:49.699Z\"}",
	"method": "GET",
	"orderNo": null,
	"retryCount": 0,
	"uniqueKey": "https://www.manta.com/c/m1rlxlw/bbq-outlawz",
	"url": "https://www.manta.com/c/m1rlxlw/bbq-outlawz"
}