{
	"id": "mPlFJ3H1lkcqxvT",
	"json": "{\"id\":\"mPlFJ3H1lkcqxvT\",\"url\":\"https://www.manta.com/c/m1w3b2c/paco-s-taqueria\",\"uniqueKey\":\"https://www.manta.com/c/m1w3b2c/paco-s-taqueria\",\"method\":\"GET\",\"noRetry\":false,\"retryCount\":0,\"errorMessages\":[],\"headers\":{},\"userData\":{\"fromListing\":true,\"label\":\"detail\"}}",
	"method": "GET",
	"orderNo": 1755098702011,
	"retryCount": 0,
	"uniqueKey": "https://www.manta.com/c/m1w3b2c/paco-s-taqueria",
	"url": "https://www.manta.com/c/m1w3b2c/paco-s-taqueria"
}