{
	"id": "my68tQfB059vgmB",
	"json": "{\"id\":\"my68tQfB059vgmB\",\"url\":\"https://www.manta.com/c/m1ryl47/ben-s-soft-pretzels-indianapolis-airport-terminal-b\",\"loadedUrl\":\"https://www.manta.com/c/m1ryl47/ben-s-soft-pretzels-indianapolis-airport-terminal-b\",\"uniqueKey\":\"https://www.manta.com/c/m1ryl47/ben-s-soft-pretzels-indianapolis-airport-terminal-b\",\"method\":\"GET\",\"noRetry\":false,\"retryCount\":0,\"errorMessages\":[],\"headers\":{},\"userData\":{\"fromListing\":true,\"label\":\"detail\",\"__crawlee\":{\"state\":4}},\"handledAt\":\"2025-08-13T15:42:42.423Z\"}",
	"method": "GET",
	"orderNo": null,
	"retryCount": 0,
	"uniqueKey": "https://www.manta.com/c/m1ryl47/ben-s-soft-pretzels-indianapolis-airport-terminal-b",
	"url": "https://www.manta.com/c/m1ryl47/ben-s-soft-pretzels-indianapolis-airport-terminal-b"
}