{
	"id": "N47oH8poLRZU2Dr",
	"json": "{\"id\":\"N47oH8poLRZU2Dr\",\"url\":\"https://www.manta.com/c/m1wk1p3/sbarro\",\"loadedUrl\":\"https://www.manta.com/c/m1wk1p3/sbarro\",\"uniqueKey\":\"https://www.manta.com/c/m1wk1p3/sbarro\",\"method\":\"GET\",\"noRetry\":false,\"retryCount\":0,\"errorMessages\":[],\"headers\":{},\"userData\":{\"fromListing\":true,\"label\":\"detail\",\"__crawlee\":{\"state\":4}},\"handledAt\":\"2025-08-13T15:21:57.844Z\"}",
	"method": "GET",
	"orderNo": null,
	"retryCount": 0,
	"uniqueKey": "https://www.manta.com/c/m1wk1p3/sbarro",
	"url": "https://www.manta.com/c/m1wk1p3/sbarro"
}