{
	"id": "NDTL2mMZcgHRmn2",
	"json": "{\"id\":\"NDTL2mMZcgHRmn2\",\"url\":\"https://www.manta.com/c/mk7jmkf/starbucks\",\"loadedUrl\":\"https://www.manta.com/c/mk7jmkf/starbucks\",\"uniqueKey\":\"https://www.manta.com/c/mk7jmkf/starbucks\",\"method\":\"GET\",\"noRetry\":false,\"retryCount\":0,\"errorMessages\":[],\"headers\":{},\"userData\":{\"fromListing\":true,\"label\":\"detail\",\"__crawlee\":{\"state\":4}},\"handledAt\":\"2025-08-13T15:34:56.691Z\"}",
	"method": "GET",
	"orderNo": null,
	"retryCount": 0,
	"uniqueKey": "https://www.manta.com/c/mk7jmkf/starbucks",
	"url": "https://www.manta.com/c/mk7jmkf/starbucks"
}