{
	"id": "ntfHAuDfaXxFtvg",
	"json": "{\"id\":\"ntfHAuDfaXxFtvg\",\"url\":\"https://www.manta.com/c/mk7h2cj/another-broken-egg-cafe\",\"loadedUrl\":\"https://www.manta.com/c/mk7h2cj/another-broken-egg-cafe\",\"uniqueKey\":\"https://www.manta.com/c/mk7h2cj/another-broken-egg-cafe\",\"method\":\"GET\",\"noRetry\":false,\"retryCount\":0,\"errorMessages\":[],\"headers\":{},\"userData\":{\"fromListing\":true,\"label\":\"detail\",\"__crawlee\":{\"state\":4}},\"handledAt\":\"2025-08-13T15:42:57.976Z\"}",
	"method": "GET",
	"orderNo": null,
	"retryCount": 0,
	"uniqueKey": "https://www.manta.com/c/mk7h2cj/another-broken-egg-cafe",
	"url": "https://www.manta.com/c/mk7h2cj/another-broken-egg-cafe"
}