{
	"id": "NV7PlTWrqtMnzaq",
	"json": "{\"id\":\"NV7PlTWrqtMnzaq\",\"url\":\"https://www.manta.com/c/mk7t5b9/red-lobster\",\"loadedUrl\":\"https://www.manta.com/c/mk7t5b9/red-lobster\",\"uniqueKey\":\"https://www.manta.com/c/mk7t5b9/red-lobster\",\"method\":\"GET\",\"noRetry\":false,\"retryCount\":0,\"errorMessages\":[],\"headers\":{},\"userData\":{\"fromListing\":true,\"label\":\"detail\",\"__crawlee\":{\"state\":4}},\"handledAt\":\"2025-08-13T15:37:46.868Z\"}",
	"method": "GET",
	"orderNo": null,
	"retryCount": 0,
	"uniqueKey": "https://www.manta.com/c/mk7t5b9/red-lobster",
	"url": "https://www.manta.com/c/mk7t5b9/red-lobster"
}