{
	"id": "odrdOYm35NJHDfx",
	"json": "{\"id\":\"odrdOYm35NJHDfx\",\"url\":\"https://www.manta.com/c/mk7r642/starbucks\",\"loadedUrl\":\"https://www.manta.com/c/mk7r642/starbucks\",\"uniqueKey\":\"https://www.manta.com/c/mk7r642/starbucks\",\"method\":\"GET\",\"noRetry\":false,\"retryCount\":0,\"errorMessages\":[],\"headers\":{},\"userData\":{\"fromListing\":true,\"label\":\"detail\",\"__crawlee\":{\"state\":4}},\"handledAt\":\"2025-08-13T15:40:26.487Z\"}",
	"method": "GET",
	"orderNo": null,
	"retryCount": 0,
	"uniqueKey": "https://www.manta.com/c/mk7r642/starbucks",
	"url": "https://www.manta.com/c/mk7r642/starbucks"
}