{
	"id": "oFVd82eLtxe8HAM",
	"json": "{\"id\":\"oFVd82eLtxe8HAM\",\"url\":\"https://www.manta.com/c/mk7r6ck/starbucks\",\"loadedUrl\":\"https://www.manta.com/c/mk7r6ck/starbucks\",\"uniqueKey\":\"https://www.manta.com/c/mk7r6ck/starbucks\",\"method\":\"GET\",\"noRetry\":false,\"retryCount\":0,\"errorMessages\":[],\"headers\":{},\"userData\":{\"fromListing\":true,\"label\":\"detail\",\"__crawlee\":{\"state\":4}},\"handledAt\":\"2025-08-13T15:35:07.273Z\"}",
	"method": "GET",
	"orderNo": null,
	"retryCount": 0,
	"uniqueKey": "https://www.manta.com/c/mk7r6ck/starbucks",
	"url": "https://www.manta.com/c/mk7r6ck/starbucks"
}