{
	"id": "ox3tdA8H5yaVj68",
	"json": "{\"id\":\"ox3tdA8H5yaVj68\",\"url\":\"https://www.manta.com/c/mk7rz04/starbucks\",\"loadedUrl\":\"https://www.manta.com/c/mk7rz04/starbucks\",\"uniqueKey\":\"https://www.manta.com/c/mk7rz04/starbucks\",\"method\":\"GET\",\"noRetry\":false,\"retryCount\":0,\"errorMessages\":[],\"headers\":{},\"userData\":{\"fromListing\":true,\"label\":\"detail\",\"__crawlee\":{\"state\":4}},\"handledAt\":\"2025-08-13T15:34:17.872Z\"}",
	"method": "GET",
	"orderNo": null,
	"retryCount": 0,
	"uniqueKey": "https://www.manta.com/c/mk7rz04/starbucks",
	"url": "https://www.manta.com/c/mk7rz04/starbucks"
}