{
	"id": "oYohnKHtYvWKoWL",
	"json": "{\"id\":\"oYohnKHtYvWKoWL\",\"url\":\"https://www.starbucks.com/store-locator/store/1007484\",\"loadedUrl\":\"https://www.starbucks.com/store-locator?map=39.635307,-101.337891,5z\",\"uniqueKey\":\"https://www.starbucks.com/store-locator/store/1007484\",\"method\":\"GET\",\"noRetry\":false,\"retryCount\":0,\"errorMessages\":[],\"headers\":{},\"userData\":{\"url\":\"https://www.manta.com/c/mtdtvwh/starbucks\",\"title\":\"Starbucks\",\"phone\":\"(317) 955-6406\",\"address\":\"3200 Cold Spring Road Indianapolis, IN 46222\",\"website\":\"https://www.starbucks.com/store-locator/store/1007484\",\"email\":null,\"label\":\"website_scraper\",\"__crawlee\":{\"state\":4}},\"handledAt\":\"2025-08-13T15:31:37.993Z\"}",
	"method": "GET",
	"orderNo": null,
	"retryCount": 0,
	"uniqueKey": "https://www.starbucks.com/store-locator/store/1007484",
	"url": "https://www.starbucks.com/store-locator/store/1007484"
}