{
	"id": "OYR4fEC1JYqyBbo",
	"json": "{\"id\":\"OYR4fEC1JYqyBbo\",\"url\":\"https://www.manta.com/c/mk7rq8x/starbucks\",\"loadedUrl\":\"https://www.manta.com/c/mk7rq8x/starbucks\",\"uniqueKey\":\"https://www.manta.com/c/mk7rq8x/starbucks\",\"method\":\"GET\",\"noRetry\":false,\"retryCount\":0,\"errorMessages\":[],\"headers\":{},\"userData\":{\"fromListing\":true,\"label\":\"detail\",\"__crawlee\":{\"state\":4}},\"handledAt\":\"2025-08-13T15:40:46.245Z\"}",
	"method": "GET",
	"orderNo": null,
	"retryCount": 0,
	"uniqueKey": "https://www.manta.com/c/mk7rq8x/starbucks",
	"url": "https://www.manta.com/c/mk7rq8x/starbucks"
}