{
	"id": "p2HJn3kykjwnzA2",
	"json": "{\"id\":\"p2HJn3kykjwnzA2\",\"url\":\"https://www.manta.com/c/mk7r0gc/starbucks\",\"loadedUrl\":\"https://www.manta.com/c/mk7r0gc/starbucks\",\"uniqueKey\":\"https://www.manta.com/c/mk7r0gc/starbucks\",\"method\":\"GET\",\"noRetry\":false,\"retryCount\":0,\"errorMessages\":[],\"headers\":{},\"userData\":{\"fromListing\":true,\"label\":\"detail\",\"__crawlee\":{\"state\":4}},\"handledAt\":\"2025-08-13T15:34:32.182Z\"}",
	"method": "GET",
	"orderNo": null,
	"retryCount": 0,
	"uniqueKey": "https://www.manta.com/c/mk7r0gc/starbucks",
	"url": "https://www.manta.com/c/mk7r0gc/starbucks"
}