{
	"id": "PAPthNIvEcDFl7T",
	"json": "{\"id\":\"PAPthNIvEcDFl7T\",\"url\":\"https://www.manta.com/c/mmq1pbc/starbucks\",\"uniqueKey\":\"https://www.manta.com/c/mmq1pbc/starbucks\",\"method\":\"GET\",\"noRetry\":false,\"retryCount\":0,\"errorMessages\":[],\"headers\":{},\"userData\":{\"fromListing\":true,\"label\":\"detail\"}}",
	"method": "GET",
	"orderNo": 1755098701987,
	"retryCount": 0,
	"uniqueKey": "https://www.manta.com/c/mmq1pbc/starbucks",
	"url": "https://www.manta.com/c/mmq1pbc/starbucks"
}