{
	"id": "pi4gI6YCpGpVK1M",
	"json": "{\"id\":\"pi4gI6YCpGpVK1M\",\"url\":\"https://www.manta.com/c/mkhnl0r/el-palacio-del-taco\",\"loadedUrl\":\"https://www.manta.com/c/mkhnl0r/el-palacio-del-taco\",\"uniqueKey\":\"https://www.manta.com/c/mkhnl0r/el-palacio-del-taco\",\"method\":\"GET\",\"noRetry\":false,\"retryCount\":0,\"errorMessages\":[],\"headers\":{},\"userData\":{\"fromListing\":true,\"label\":\"detail\",\"__crawlee\":{\"state\":4}},\"handledAt\":\"2025-08-13T15:44:23.342Z\"}",
	"method": "GET",
	"orderNo": null,
	"retryCount": 0,
	"uniqueKey": "https://www.manta.com/c/mkhnl0r/el-palacio-del-taco",
	"url": "https://www.manta.com/c/mkhnl0r/el-palacio-del-taco"
}