{
	"id": "pJaPEFub17TWEqD",
	"json": "{\"id\":\"pJaPEFub17TWEqD\",\"url\":\"https://www.manta.com/c/mk7rz63/starbucks\",\"loadedUrl\":\"https://www.manta.com/c/mk7rz63/starbucks\",\"uniqueKey\":\"https://www.manta.com/c/mk7rz63/starbucks\",\"method\":\"GET\",\"noRetry\":false,\"retryCount\":0,\"errorMessages\":[],\"headers\":{},\"userData\":{\"fromListing\":true,\"label\":\"detail\",\"__crawlee\":{\"state\":4}},\"handledAt\":\"2025-08-13T15:39:58.285Z\"}",
	"method": "GET",
	"orderNo": null,
	"retryCount": 0,
	"uniqueKey": "https://www.manta.com/c/mk7rz63/starbucks",
	"url": "https://www.manta.com/c/mk7rz63/starbucks"
}