{
	"id": "PK2md7AzceJ0LXX",
	"json": "{\"id\":\"PK2md7AzceJ0LXX\",\"url\":\"https://www.manta.com/c/mtcfn5b/indy-s-incredible-pizza-company\",\"uniqueKey\":\"https://www.manta.com/c/mtcfn5b/indy-s-incredible-pizza-company\",\"method\":\"GET\",\"noRetry\":false,\"retryCount\":0,\"errorMessages\":[],\"headers\":{},\"userData\":{\"fromListing\":true,\"label\":\"detail\"}}",
	"method": "GET",
	"orderNo": 1755098702040,
	"retryCount": 0,
	"uniqueKey": "https://www.manta.com/c/mtcfn5b/indy-s-incredible-pizza-company",
	"url": "https://www.manta.com/c/mtcfn5b/indy-s-incredible-pizza-company"
}