{
	"id": "PNFaPFOr84HNKBJ",
	"json": "{\"id\":\"PNFaPFOr84HNKBJ\",\"url\":\"https://www.manta.com/c/m1w4cgz/starbucks\",\"uniqueKey\":\"https://www.manta.com/c/m1w4cgz/starbucks\",\"method\":\"GET\",\"noRetry\":false,\"retryCount\":0,\"errorMessages\":[],\"headers\":{},\"userData\":{\"fromListing\":true,\"label\":\"detail\"}}",
	"method": "GET",
	"orderNo": 1755098701985,
	"retryCount": 0,
	"uniqueKey": "https://www.manta.com/c/m1w4cgz/starbucks",
	"url": "https://www.manta.com/c/m1w4cgz/starbucks"
}