{
	"id": "Po79h7oZtcygzgW",
	"json": "{\"id\":\"Po79h7oZtcygzgW\",\"url\":\"https://www.starbucks.com/store-locator/store/6781/\",\"loadedUrl\":\"https://www.starbucks.com/store-locator?map=39.635307,-101.337891,5z\",\"uniqueKey\":\"https://www.starbucks.com/store-locator/store/6781\",\"method\":\"GET\",\"noRetry\":false,\"retryCount\":0,\"errorMessages\":[],\"headers\":{},\"userData\":{\"url\":\"https://www.manta.com/c/mk7r6cx/starbucks\",\"title\":\"Starbucks\",\"phone\":\"(317) 686-1183\",\"address\":\"1420 North Capitol Avenue Indianapolis, IN 46202\",\"website\":\"https://www.starbucks.com/store-locator/store/6781/\",\"email\":null,\"label\":\"website_scraper\",\"__crawlee\":{\"state\":4}},\"handledAt\":\"2025-08-13T15:32:55.720Z\"}",
	"method": "GET",
	"orderNo": null,
	"retryCount": 0,
	"uniqueKey": "https://www.starbucks.com/store-locator/store/6781",
	"url": "https://www.starbucks.com/store-locator/store/6781/"
}