{
	"id": "PPWaZNFQuQvyNxg",
	"json": "{\"id\":\"PPWaZNFQuQvyNxg\",\"url\":\"https://www.starbucks.com/store-locator/store/7002/\",\"loadedUrl\":\"https://www.starbucks.com/store-locator?map=39.635307,-101.337891,5z\",\"uniqueKey\":\"https://www.starbucks.com/store-locator/store/7002\",\"method\":\"GET\",\"noRetry\":false,\"retryCount\":0,\"errorMessages\":[],\"headers\":{},\"userData\":{\"url\":\"https://www.manta.com/c/mk7r6h5/starbucks\",\"title\":\"Starbucks\",\"phone\":\"(317) 257-2031\",\"address\":\"1950 Kessler Boulevard West Drive Indianapolis, IN 46228\",\"website\":\"https://www.starbucks.com/store-locator/store/7002/\",\"email\":null,\"label\":\"website_scraper\",\"__crawlee\":{\"state\":4}},\"handledAt\":\"2025-08-13T15:33:32.810Z\"}",
	"method": "GET",
	"orderNo": null,
	"retryCount": 0,
	"uniqueKey": "https://www.starbucks.com/store-locator/store/7002",
	"url": "https://www.starbucks.com/store-locator/store/7002/"
}