{
	"id": "PPyDZhK0kZ3F2Ec",
	"json": "{\"id\":\"PPyDZhK0kZ3F2Ec\",\"url\":\"https://www.manta.com/c/mk7rzss/starbucks\",\"loadedUrl\":\"https://www.manta.com/c/mk7rzss/starbucks\",\"uniqueKey\":\"https://www.manta.com/c/mk7rzss/starbucks\",\"method\":\"GET\",\"noRetry\":false,\"retryCount\":0,\"errorMessages\":[],\"headers\":{},\"userData\":{\"fromListing\":true,\"label\":\"detail\",\"__crawlee\":{\"state\":4}},\"handledAt\":\"2025-08-13T15:39:57.254Z\"}",
	"method": "GET",
	"orderNo": null,
	"retryCount": 0,
	"uniqueKey": "https://www.manta.com/c/mk7rzss/starbucks",
	"url": "https://www.manta.com/c/mk7rzss/starbucks"
}