{
	"id": "psWYuio5Rk0vleA",
	"json": "{\"id\":\"psWYuio5Rk0vleA\",\"url\":\"https://www.manta.com/c/mk7r6mb/starbucks\",\"loadedUrl\":\"https://www.manta.com/c/mk7r6mb/starbucks\",\"uniqueKey\":\"https://www.manta.com/c/mk7r6mb/starbucks\",\"method\":\"GET\",\"noRetry\":false,\"retryCount\":0,\"errorMessages\":[],\"headers\":{},\"userData\":{\"fromListing\":true,\"label\":\"detail\",\"__crawlee\":{\"state\":4}},\"handledAt\":\"2025-08-13T15:41:41.721Z\"}",
	"method": "GET",
	"orderNo": null,
	"retryCount": 0,
	"uniqueKey": "https://www.manta.com/c/mk7r6mb/starbucks",
	"url": "https://www.manta.com/c/mk7r6mb/starbucks"
}