{
	"id": "pwYWtmXSzXJM1R9",
	"json": "{\"id\":\"pwYWtmXSzXJM1R9\",\"url\":\"https://www.manta.com/c/mk7r675/starbucks\",\"loadedUrl\":\"https://www.manta.com/c/mk7r675/starbucks\",\"uniqueKey\":\"https://www.manta.com/c/mk7r675/starbucks\",\"method\":\"GET\",\"noRetry\":false,\"retryCount\":0,\"errorMessages\":[],\"headers\":{},\"userData\":{\"fromListing\":true,\"label\":\"detail\",\"__crawlee\":{\"state\":4}},\"handledAt\":\"2025-08-13T15:35:19.904Z\"}",
	"method": "GET",
	"orderNo": null,
	"retryCount": 0,
	"uniqueKey": "https://www.manta.com/c/mk7r675/starbucks",
	"url": "https://www.manta.com/c/mk7r675/starbucks"
}