{
	"id": "q3wS97dSUzVkXUo",
	"json": "{\"id\":\"q3wS97dSUzVkXUo\",\"url\":\"https://www.starbucks.com/store-locator/store/16630\",\"uniqueKey\":\"https://www.starbucks.com/store-locator/store/16630\",\"method\":\"GET\",\"noRetry\":false,\"retryCount\":0,\"errorMessages\":[],\"headers\":{},\"userData\":{\"url\":\"https://www.manta.com/c/mmgmvmc/starbucks\",\"title\":\"Starbucks\",\"phone\":\"(317) 810-0044\",\"address\":\"1300 East 86th Street Indianapolis, IN 46240\",\"website\":\"https://www.starbucks.com/store-locator/store/16630\",\"email\":null,\"label\":\"website_scraper\"}}",
	"method": "GET",
	"orderNo": 1755099507034,
	"retryCount": 0,
	"uniqueKey": "https://www.starbucks.com/store-locator/store/16630",
	"url": "https://www.starbucks.com/store-locator/store/16630"
}