{
	"id": "QBWuKNC0BMXJ4sy",
	"json": "{\"id\":\"QBWuKNC0BMXJ4sy\",\"url\":\"https://www.starbucks.com/store-locator/store/8166/\",\"uniqueKey\":\"https://www.starbucks.com/store-locator/store/8166\",\"method\":\"GET\",\"noRetry\":false,\"retryCount\":0,\"errorMessages\":[],\"headers\":{},\"userData\":{\"url\":\"https://www.manta.com/c/mk7r691/starbucks\",\"title\":\"Starbucks\",\"phone\":\"(317) 353-8871\",\"address\":\"2045 Shadeland Avenue Indianapolis, IN 46219\",\"website\":\"https://www.starbucks.com/store-locator/store/8166/\",\"email\":null,\"label\":\"website_scraper\"}}",
	"method": "GET",
	"orderNo": 1755099257594,
	"retryCount": 0,
	"uniqueKey": "https://www.starbucks.com/store-locator/store/8166",
	"url": "https://www.starbucks.com/store-locator/store/8166/"
}