{
	"id": "QjJGLx11UVTZ2gj",
	"json": "{\"id\":\"QjJGLx11UVTZ2gj\",\"url\":\"https://www.manta.com/c/mkr8gmd/starbucks\",\"loadedUrl\":\"https://www.manta.com/c/mkr8gmd/starbucks\",\"uniqueKey\":\"https://www.manta.com/c/mkr8gmd/starbucks\",\"method\":\"GET\",\"noRetry\":false,\"retryCount\":0,\"errorMessages\":[],\"headers\":{},\"userData\":{\"fromListing\":true,\"label\":\"detail\",\"__crawlee\":{\"state\":4}},\"handledAt\":\"2025-08-13T15:35:08.267Z\"}",
	"method": "GET",
	"orderNo": null,
	"retryCount": 0,
	"uniqueKey": "https://www.manta.com/c/mkr8gmd/starbucks",
	"url": "https://www.manta.com/c/mkr8gmd/starbucks"
}