{
	"id": "QkZxs658RHBGc96",
	"json": "{\"id\":\"QkZxs658RHBGc96\",\"url\":\"https://www.manta.com/c/m1wjdvn/crumbl-greenwood\",\"uniqueKey\":\"https://www.manta.com/c/m1wjdvn/crumbl-greenwood\",\"method\":\"GET\",\"noRetry\":false,\"retryCount\":0,\"errorMessages\":[],\"headers\":{},\"userData\":{\"fromListing\":true,\"label\":\"detail\"}}",
	"method": "GET",
	"orderNo": 1755098702042,
	"retryCount": 0,
	"uniqueKey": "https://www.manta.com/c/m1wjdvn/crumbl-greenwood",
	"url": "https://www.manta.com/c/m1wjdvn/crumbl-greenwood"
}