{
	"id": "QNEwf4ImVQctWil",
	"json": "{\"id\":\"QNEwf4ImVQctWil\",\"url\":\"https://www.manta.com/c/m1x39dq/cuginos\",\"loadedUrl\":\"https://www.manta.com/c/m1x39dq/cuginos\",\"uniqueKey\":\"https://www.manta.com/c/m1x39dq/cuginos\",\"method\":\"GET\",\"noRetry\":false,\"retryCount\":0,\"errorMessages\":[],\"headers\":{},\"userData\":{\"fromListing\":true,\"label\":\"detail\",\"__crawlee\":{\"state\":4}},\"handledAt\":\"2025-08-13T15:45:05.576Z\"}",
	"method": "GET",
	"orderNo": null,
	"retryCount": 0,
	"uniqueKey": "https://www.manta.com/c/m1x39dq/cuginos",
	"url": "https://www.manta.com/c/m1x39dq/cuginos"
}