{
	"id": "qPcbbyUaN2fpk1v",
	"json": "{\"id\":\"qPcbbyUaN2fpk1v\",\"url\":\"https://www.manta.com/c/mk7rzqr/starbucks\",\"loadedUrl\":\"https://www.manta.com/c/mk7rzqr/starbucks\",\"uniqueKey\":\"https://www.manta.com/c/mk7rzqr/starbucks\",\"method\":\"GET\",\"noRetry\":false,\"retryCount\":0,\"errorMessages\":[],\"headers\":{},\"userData\":{\"fromListing\":true,\"label\":\"detail\",\"__crawlee\":{\"state\":4}},\"handledAt\":\"2025-08-13T15:35:35.878Z\"}",
	"method": "GET",
	"orderNo": null,
	"retryCount": 0,
	"uniqueKey": "https://www.manta.com/c/mk7rzqr/starbucks",
	"url": "https://www.manta.com/c/mk7rzqr/starbucks"
}