{
	"id": "qX7lg6IDvy8CSp6",
	"json": "{\"id\":\"qX7lg6IDvy8CSp6\",\"url\":\"https://littlecaesars.com/en-us/store/8109\",\"loadedUrl\":\"https://littlecaesars.com/en-us/store/8109/\",\"uniqueKey\":\"https://littlecaesars.com/en-us/store/8109\",\"method\":\"GET\",\"noRetry\":false,\"retryCount\":0,\"errorMessages\":[],\"headers\":{},\"userData\":{\"url\":\"https://www.manta.com/c/mk7rl8q/little-caesars-pizza\",\"title\":\"Little Caesars Pizza\",\"phone\":\"(317) 782-0040\",\"address\":\"2245 Shelby Street Indianapolis, IN 46203\",\"website\":\"https://littlecaesars.com/en-us/store/8109\",\"email\":null,\"label\":\"website_scraper\",\"__crawlee\":{\"state\":4}},\"handledAt\":\"2025-08-13T15:27:27.867Z\"}",
	"method": "GET",
	"orderNo": null,
	"retryCount": 0,
	"uniqueKey": "https://littlecaesars.com/en-us/store/8109",
	"url": "https://littlecaesars.com/en-us/store/8109"
}