{
	"id": "rDzLR0EyF3EjUkj",
	"json": "{\"id\":\"rDzLR0EyF3EjUkj\",\"url\":\"https://www.manta.com/c/m1xv63n/beholder\",\"uniqueKey\":\"https://www.manta.com/c/m1xv63n/beholder\",\"method\":\"GET\",\"noRetry\":false,\"retryCount\":0,\"errorMessages\":[],\"headers\":{},\"userData\":{\"fromListing\":true,\"label\":\"detail\"}}",
	"method": "GET",
	"orderNo": 1755098701979,
	"retryCount": 0,
	"uniqueKey": "https://www.manta.com/c/m1xv63n/beholder",
	"url": "https://www.manta.com/c/m1xv63n/beholder"
}