{
	"id": "RTOgvLXnSxRHEab",
	"json": "{\"id\":\"RTOgvLXnSxRHEab\",\"url\":\"https://www.manta.com/c/m1r4l4y/starbucks\",\"loadedUrl\":\"https://www.manta.com/c/m1r4l4y/starbucks\",\"uniqueKey\":\"https://www.manta.com/c/m1r4l4y/starbucks\",\"method\":\"GET\",\"noRetry\":false,\"retryCount\":0,\"errorMessages\":[],\"headers\":{},\"userData\":{\"fromListing\":true,\"label\":\"detail\",\"__crawlee\":{\"state\":4}},\"handledAt\":\"2025-08-13T15:45:33.253Z\"}",
	"method": "GET",
	"orderNo": null,
	"retryCount": 0,
	"uniqueKey": "https://www.manta.com/c/m1r4l4y/starbucks",
	"url": "https://www.manta.com/c/m1r4l4y/starbucks"
}