{
	"id": "RY2vdiZyPVdXX8T",
	"json": "{\"id\":\"RY2vdiZyPVdXX8T\",\"url\":\"https://www.manta.com/c/m1w9m0l/mega-suya-bar-grill\",\"loadedUrl\":\"https://www.manta.com/c/m1w9m0l/mega-suya-bar-grill\",\"uniqueKey\":\"https://www.manta.com/c/m1w9m0l/mega-suya-bar-grill\",\"method\":\"GET\",\"noRetry\":false,\"retryCount\":0,\"errorMessages\":[],\"headers\":{},\"userData\":{\"fromListing\":true,\"label\":\"detail\",\"__crawlee\":{\"state\":4}},\"handledAt\":\"2025-08-13T15:43:50.256Z\"}",
	"method": "GET",
	"orderNo": null,
	"retryCount": 0,
	"uniqueKey": "https://www.manta.com/c/m1w9m0l/mega-suya-bar-grill",
	"url": "https://www.manta.com/c/m1w9m0l/mega-suya-bar-grill"
}