{
	"id": "S7QGOj0ecJVP0n8",
	"json": "{\"id\":\"S7QGOj0ecJVP0n8\",\"url\":\"https://www.manta.com/c/mmgmvmc/starbucks\",\"loadedUrl\":\"https://www.manta.com/c/mmgmvmc/starbucks\",\"uniqueKey\":\"https://www.manta.com/c/mmgmvmc/starbucks\",\"method\":\"GET\",\"noRetry\":false,\"retryCount\":0,\"errorMessages\":[],\"headers\":{},\"userData\":{\"fromListing\":true,\"label\":\"detail\",\"__crawlee\":{\"state\":4}},\"handledAt\":\"2025-08-13T15:38:27.037Z\"}",
	"method": "GET",
	"orderNo": null,
	"retryCount": 0,
	"uniqueKey": "https://www.manta.com/c/mmgmvmc/starbucks",
	"url": "https://www.manta.com/c/mmgmvmc/starbucks"
}