{
	"id": "SdCjQ23rvm6qheJ",
	"json": "{\"id\":\"SdCjQ23rvm6qheJ\",\"url\":\"https://www.manta.com/c/mk7rzym/starbucks\",\"loadedUrl\":\"https://www.manta.com/c/mk7rzym/starbucks\",\"uniqueKey\":\"https://www.manta.com/c/mk7rzym/starbucks\",\"method\":\"GET\",\"noRetry\":false,\"retryCount\":0,\"errorMessages\":[],\"headers\":{},\"userData\":{\"fromListing\":true,\"label\":\"detail\",\"__crawlee\":{\"state\":4}},\"handledAt\":\"2025-08-13T15:38:20.347Z\"}",
	"method": "GET",
	"orderNo": null,
	"retryCount": 0,
	"uniqueKey": "https://www.manta.com/c/mk7rzym/starbucks",
	"url": "https://www.manta.com/c/mk7rzym/starbucks"
}