{
	"id": "Sffvj89j5v8HPFY",
	"json": "{\"id\":\"Sffvj89j5v8HPFY\",\"url\":\"https://www.manta.com/c/mxj387q/jerusalem-cafe-restaurant-and-hookah-lounge\",\"loadedUrl\":\"https://www.manta.com/c/mxj387q/jerusalem-cafe-restaurant-and-hookah-lounge\",\"uniqueKey\":\"https://www.manta.com/c/mxj387q/jerusalem-cafe-restaurant-and-hookah-lounge\",\"method\":\"GET\",\"noRetry\":false,\"retryCount\":0,\"errorMessages\":[],\"headers\":{},\"userData\":{\"fromListing\":true,\"label\":\"detail\",\"__crawlee\":{\"state\":4}},\"handledAt\":\"2025-08-13T15:21:25.685Z\"}",
	"method": "GET",
	"orderNo": null,
	"retryCount": 0,
	"uniqueKey": "https://www.manta.com/c/mxj387q/jerusalem-cafe-restaurant-and-hookah-lounge",
	"url": "https://www.manta.com/c/mxj387q/jerusalem-cafe-restaurant-and-hookah-lounge"
}