{
	"id": "sLIridPrK8580EN",
	"json": "{\"id\":\"sLIridPrK8580EN\",\"url\":\"https://www.manta.com/c/m1w8z2m/starbucks\",\"loadedUrl\":\"https://www.manta.com/c/m1w8z2m/starbucks\",\"uniqueKey\":\"https://www.manta.com/c/m1w8z2m/starbucks\",\"method\":\"GET\",\"noRetry\":false,\"retryCount\":0,\"errorMessages\":[],\"headers\":{},\"userData\":{\"fromListing\":true,\"label\":\"detail\",\"__crawlee\":{\"state\":4}},\"handledAt\":\"2025-08-13T15:40:35.192Z\"}",
	"method": "GET",
	"orderNo": null,
	"retryCount": 0,
	"uniqueKey": "https://www.manta.com/c/m1w8z2m/starbucks",
	"url": "https://www.manta.com/c/m1w8z2m/starbucks"
}