{
	"id": "SQuEiZEGD8vZjOP",
	"json": "{\"id\":\"SQuEiZEGD8vZjOP\",\"url\":\"http://www.jerusalemcafeindy.com\",\"uniqueKey\":\"http://www.jerusalemcafeindy.com\",\"method\":\"GET\",\"noRetry\":false,\"retryCount\":2,\"errorMessages\":[\"Error: net::ERR_NAME_NOT_RESOLVED at http://www.jerusalemcafeindy.com\\n    at navigate (C:\\\\Users\\\\HP\\\\Downloads\\\\crawler\\\\node_modules\\\\puppeteer-core\\\\lib\\\\cjs\\\\puppeteer\\\\cdp\\\\Frame.js:184:27)\\n    at async Deferred.race (C:\\\\Users\\\\HP\\\\Downloads\\\\crawler\\\\node_modules\\\\puppeteer-core\\\\lib\\\\cjs\\\\puppeteer\\\\util\\\\Deferred.js:36:20)\\n    at async CdpFrame.goto (C:\\\\Users\\\\HP\\\\Downloads\\\\crawler\\\\node_modules\\\\puppeteer-core\\\\lib\\\\cjs\\\\puppeteer\\\\cdp\\\\Frame.js:150:25)\\n    at async CdpPage.goto (C:\\\\Users\\\\HP\\\\Downloads\\\\crawler\\\\node_modules\\\\puppeteer-core\\\\lib\\\\cjs\\\\puppeteer\\\\api\\\\Page.js:574:20)\\n    at async PuppeteerCrawler._handleNavigation (C:\\\\Users\\\\HP\\\\Downloads\\\\crawler\\\\node_modules\\\\@crawlee\\\\browser\\\\internals\\\\browser-crawler.js:332:41)\\n    at async PuppeteerCrawler._runRequestHandler (C:\\\\Users\\\\HP\\\\Downloads\\\\crawler\\\\node_modules\\\\@crawlee\\\\browser\\\\internals\\\\browser-crawler.js:260:13)\\n    at async PuppeteerCrawler._runRequestHandler (C:\\\\Users\\\\HP\\\\Downloads\\\\crawler\\\\node_modules\\\\@crawlee\\\\puppeteer\\\\internals\\\\puppeteer-crawler.js:114:9)\\n    at async wrap (C:\\\\Users\\\\HP\\\\Downloads\\\\crawler\\\\node_modules\\\\@apify\\\\timeout\\\\cjs\\\\index.cjs:54:21)\",\"Error: net::ERR_BLOCKED_BY_CLIENT at http://www.jerusalemcafeindy.com\\n    at navigate (C:\\\\Users\\\\HP\\\\Downloads\\\\crawler\\\\node_modules\\\\puppeteer-core\\\\lib\\\\cjs\\\\puppeteer\\\\cdp\\\\Frame.js:184:27)\\n    at async Deferred.race (C:\\\\Users\\\\HP\\\\Downloads\\\\crawler\\\\node_modules\\\\puppeteer-core\\\\lib\\\\cjs\\\\puppeteer\\\\util\\\\Deferred.js:36:20)\\n    at async CdpFrame.goto (C:\\\\Users\\\\HP\\\\Downloads\\\\crawler\\\\node_modules\\\\puppeteer-core\\\\lib\\\\cjs\\\\puppeteer\\\\cdp\\\\Frame.js:150:25)\\n    at async CdpPage.goto (C:\\\\Users\\\\HP\\\\Downloads\\\\crawler\\\\node_modules\\\\puppeteer-core\\\\lib\\\\cjs\\\\puppeteer\\\\api\\\\Page.js:574:20)\\n    at async PuppeteerCrawler._handleNavigation (C:\\\\Users\\\\HP\\\\Downloads\\\\crawler\\\\node_modules\\\\@crawlee\\\\browser\\\\internals\\\\browser-crawler.js:332:41)\\n    at async PuppeteerCrawler._runRequestHandler (C:\\\\Users\\\\HP\\\\Downloads\\\\crawler\\\\node_modules\\\\@crawlee\\\\browser\\\\internals\\\\browser-crawler.js:260:13)\\n    at async PuppeteerCrawler._runRequestHandler (C:\\\\Users\\\\HP\\\\Downloads\\\\crawler\\\\node_modules\\\\@crawlee\\\\puppeteer\\\\internals\\\\puppeteer-crawler.js:114:9)\\n    at async wrap (C:\\\\Users\\\\HP\\\\Downloads\\\\crawler\\\\node_modules\\\\@apify\\\\timeout\\\\cjs\\\\index.cjs:54:21)\",\"Error: net::ERR_NAME_NOT_RESOLVED at http://www.jerusalemcafeindy.com\\n    at navigate (C:\\\\Users\\\\HP\\\\Downloads\\\\crawler\\\\node_modules\\\\puppeteer-core\\\\lib\\\\cjs\\\\puppeteer\\\\cdp\\\\Frame.js:184:27)\\n    at async Deferred.race (C:\\\\Users\\\\HP\\\\Downloads\\\\crawler\\\\node_modules\\\\puppeteer-core\\\\lib\\\\cjs\\\\puppeteer\\\\util\\\\Deferred.js:36:20)\\n    at async CdpFrame.goto (C:\\\\Users\\\\HP\\\\Downloads\\\\crawler\\\\node_modules\\\\puppeteer-core\\\\lib\\\\cjs\\\\puppeteer\\\\cdp\\\\Frame.js:150:25)\\n    at async CdpPage.goto (C:\\\\Users\\\\HP\\\\Downloads\\\\crawler\\\\node_modules\\\\puppeteer-core\\\\lib\\\\cjs\\\\puppeteer\\\\api\\\\Page.js:574:20)\\n    at async PuppeteerCrawler._handleNavigation (C:\\\\Users\\\\HP\\\\Downloads\\\\crawler\\\\node_modules\\\\@crawlee\\\\browser\\\\internals\\\\browser-crawler.js:332:41)\\n    at async PuppeteerCrawler._runRequestHandler (C:\\\\Users\\\\HP\\\\Downloads\\\\crawler\\\\node_modules\\\\@crawlee\\\\browser\\\\internals\\\\browser-crawler.js:260:13)\\n    at async PuppeteerCrawler._runRequestHandler (C:\\\\Users\\\\HP\\\\Downloads\\\\crawler\\\\node_modules\\\\@crawlee\\\\puppeteer\\\\internals\\\\puppeteer-crawler.js:114:9)\\n    at async wrap (C:\\\\Users\\\\HP\\\\Downloads\\\\crawler\\\\node_modules\\\\@apify\\\\timeout\\\\cjs\\\\index.cjs:54:21)\"],\"headers\":{},\"userData\":{\"url\":\"https://www.manta.com/c/mxj387q/jerusalem-cafe-restaurant-and-hookah-lounge\",\"title\":\"Jerusalem Cafe Restaurant and Hookah Lounge\",\"phone\":\"(317) 297-2842\",\"address\":\"4266 W. 38th Street Indianapolis, IN 46254\",\"website\":\"http://www.jerusalemcafeindy.com\",\"email\":null,\"label\":\"website_scraper\",\"__crawlee\":{\"state\":5}},\"handledAt\":\"2025-08-13T15:33:33.375Z\"}",
	"method": "GET",
	"orderNo": null,
	"retryCount": 2,
	"uniqueKey": "http://www.jerusalemcafeindy.com",
	"url": "http://www.jerusalemcafeindy.com"
}