{
	"id": "T0OHm2h5diFFLz1",
	"json": "{\"id\":\"T0OHm2h5diFFLz1\",\"url\":\"https://www.manta.com/c/m1rkjt3/op-italian\",\"loadedUrl\":\"https://www.manta.com/c/m1rkjt3/op-italian\",\"uniqueKey\":\"https://www.manta.com/c/m1rkjt3/op-italian\",\"method\":\"GET\",\"noRetry\":false,\"retryCount\":0,\"errorMessages\":[],\"headers\":{},\"userData\":{\"fromListing\":true,\"label\":\"detail\",\"__crawlee\":{\"state\":4}},\"handledAt\":\"2025-08-13T15:23:29.207Z\"}",
	"method": "GET",
	"orderNo": null,
	"retryCount": 0,
	"uniqueKey": "https://www.manta.com/c/m1rkjt3/op-italian",
	"url": "https://www.manta.com/c/m1rkjt3/op-italian"
}