{
	"id": "T2i6ho8aj7gbBsx",
	"json": "{\"id\":\"T2i6ho8aj7gbBsx\",\"url\":\"https://www.manta.com/c/mhpy2k0/los-cuates-mexican-restaurant\",\"loadedUrl\":\"https://www.manta.com/c/mhpy2k0/los-cuates-mexican-restaurant\",\"uniqueKey\":\"https://www.manta.com/c/mhpy2k0/los-cuates-mexican-restaurant\",\"method\":\"GET\",\"noRetry\":false,\"retryCount\":0,\"errorMessages\":[],\"headers\":{},\"userData\":{\"fromListing\":true,\"label\":\"detail\",\"__crawlee\":{\"state\":4}},\"handledAt\":\"2025-08-13T15:21:25.759Z\"}",
	"method": "GET",
	"orderNo": null,
	"retryCount": 0,
	"uniqueKey": "https://www.manta.com/c/mhpy2k0/los-cuates-mexican-restaurant",
	"url": "https://www.manta.com/c/mhpy2k0/los-cuates-mexican-restaurant"
}