{
	"id": "Tm5615rWu3xp4ic",
	"json": "{\"id\":\"Tm5615rWu3xp4ic\",\"url\":\"https://www.manta.com/c/mk7rz0y/starbucks\",\"loadedUrl\":\"https://www.manta.com/c/mk7rz0y/starbucks\",\"uniqueKey\":\"https://www.manta.com/c/mk7rz0y/starbucks\",\"method\":\"GET\",\"noRetry\":false,\"retryCount\":0,\"errorMessages\":[],\"headers\":{},\"userData\":{\"fromListing\":true,\"label\":\"detail\",\"__crawlee\":{\"state\":4}},\"handledAt\":\"2025-08-13T15:35:35.879Z\"}",
	"method": "GET",
	"orderNo": null,
	"retryCount": 0,
	"uniqueKey": "https://www.manta.com/c/mk7rz0y/starbucks",
	"url": "https://www.manta.com/c/mk7rz0y/starbucks"
}