{
	"id": "TSefOrvt3q1GzgT",
	"json": "{\"id\":\"TSefOrvt3q1GzgT\",\"url\":\"https://www.famousdaves.com/Indianapolis\",\"uniqueKey\":\"https://www.famousdaves.com/Indianapolis\",\"method\":\"GET\",\"noRetry\":false,\"retryCount\":0,\"errorMessages\":[],\"headers\":{},\"userData\":{\"url\":\"https://www.manta.com/c/mk7ts2b/famous-dave-s-bar-b-que\",\"title\":\"Famous Dave's Bar-B-Que\",\"phone\":\"(317) 824-0200\",\"address\":\"3645 Vincennes Road Indianapolis, IN 46268\",\"website\":\"https://www.famousdaves.com/Indianapolis\",\"email\":null,\"label\":\"website_scraper\"}}",
	"method": "GET",
	"orderNo": 1755099450439,
	"retryCount": 0,
	"uniqueKey": "https://www.famousdaves.com/Indianapolis",
	"url": "https://www.famousdaves.com/Indianapolis"
}