{
	"id": "ty1flwwyItDfngX",
	"json": "{\"id\":\"ty1flwwyItDfngX\",\"url\":\"https://www.manta.com/c/mx6g2mc/hotcakes-emporium-pancake-house-restaurant\",\"uniqueKey\":\"https://www.manta.com/c/mx6g2mc/hotcakes-emporium-pancake-house-restaurant\",\"method\":\"GET\",\"noRetry\":false,\"retryCount\":0,\"errorMessages\":[],\"headers\":{},\"userData\":{\"fromListing\":true,\"label\":\"detail\"}}",
	"method": "GET",
	"orderNo": 1755098702054,
	"retryCount": 0,
	"uniqueKey": "https://www.manta.com/c/mx6g2mc/hotcakes-emporium-pancake-house-restaurant",
	"url": "https://www.manta.com/c/mx6g2mc/hotcakes-emporium-pancake-house-restaurant"
}