{
	"id": "uB6sBvoKYXwm0Ai",
	"json": "{\"id\":\"uB6sBvoKYXwm0Ai\",\"url\":\"https://www.manta.com/c/mx4jgbb/village-restaurant-pakistani-cuisine\",\"uniqueKey\":\"https://www.manta.com/c/mx4jgbb/village-restaurant-pakistani-cuisine\",\"method\":\"GET\",\"noRetry\":false,\"retryCount\":0,\"errorMessages\":[],\"headers\":{},\"userData\":{\"fromListing\":true,\"label\":\"detail\"}}",
	"method": "GET",
	"orderNo": 1755098702034,
	"retryCount": 0,
	"uniqueKey": "https://www.manta.com/c/mx4jgbb/village-restaurant-pakistani-cuisine",
	"url": "https://www.manta.com/c/mx4jgbb/village-restaurant-pakistani-cuisine"
}