{
	"id": "UBAPfSy8Ya2eslS",
	"json": "{\"id\":\"UBAPfSy8Ya2eslS\",\"url\":\"https://littlecaesars.com/en-us/store/8773\",\"uniqueKey\":\"https://littlecaesars.com/en-us/store/8773\",\"method\":\"GET\",\"noRetry\":false,\"retryCount\":0,\"errorMessages\":[],\"headers\":{},\"userData\":{\"url\":\"https://www.manta.com/c/mk7rl81/little-caesars-pizza\",\"title\":\"Little Caesars Pizza\",\"phone\":\"(317) 209-9995\",\"address\":\"10976 East US Highway 36 Avon, IN 46123\",\"website\":\"https://littlecaesars.com/en-us/store/8773\",\"email\":null,\"label\":\"website_scraper\"}}",
	"method": "GET",
	"orderNo": 1755099349223,
	"retryCount": 0,
	"uniqueKey": "https://littlecaesars.com/en-us/store/8773",
	"url": "https://littlecaesars.com/en-us/store/8773"
}