{
	"id": "uc8fiSZiWzKTzHA",
	"json": "{\"id\":\"uc8fiSZiWzKTzHA\",\"url\":\"https://www.manta.com/c/mk7w6ks/little-caesars-pizza\",\"loadedUrl\":\"https://www.manta.com/c/mk7w6ks/little-caesars-pizza\",\"uniqueKey\":\"https://www.manta.com/c/mk7w6ks/little-caesars-pizza\",\"method\":\"GET\",\"noRetry\":false,\"retryCount\":0,\"errorMessages\":[],\"headers\":{},\"userData\":{\"fromListing\":true,\"label\":\"detail\",\"__crawlee\":{\"state\":4}},\"handledAt\":\"2025-08-13T15:22:09.625Z\"}",
	"method": "GET",
	"orderNo": null,
	"retryCount": 0,
	"uniqueKey": "https://www.manta.com/c/mk7w6ks/little-caesars-pizza",
	"url": "https://www.manta.com/c/mk7w6ks/little-caesars-pizza"
}