{
	"id": "Uf4n3goFHmKqjCU",
	"json": "{\"id\":\"Uf4n3goFHmKqjCU\",\"url\":\"https://www.manta.com/c/mmynxh3/cinco-de-mayo-cantina-2\",\"loadedUrl\":\"https://www.manta.com/c/mmynxh3/cinco-de-mayo-cantina-2\",\"uniqueKey\":\"https://www.manta.com/c/mmynxh3/cinco-de-mayo-cantina-2\",\"method\":\"GET\",\"noRetry\":false,\"retryCount\":0,\"errorMessages\":[],\"headers\":{},\"userData\":{\"fromListing\":true,\"label\":\"detail\",\"__crawlee\":{\"state\":4}},\"handledAt\":\"2025-08-13T15:40:22.943Z\"}",
	"method": "GET",
	"orderNo": null,
	"retryCount": 0,
	"uniqueKey": "https://www.manta.com/c/mmynxh3/cinco-de-mayo-cantina-2",
	"url": "https://www.manta.com/c/mmynxh3/cinco-de-mayo-cantina-2"
}