{
	"id": "uIrG02fFEtchaHx",
	"json": "{\"id\":\"uIrG02fFEtchaHx\",\"url\":\"https://www.starbucks.com/store-locator\",\"loadedUrl\":\"https://www.starbucks.com/store-locator?map=39.635307,-101.337891,5z\",\"uniqueKey\":\"https://www.starbucks.com/store-locator\",\"method\":\"GET\",\"noRetry\":false,\"retryCount\":0,\"errorMessages\":[],\"headers\":{},\"userData\":{\"url\":\"https://www.manta.com/c/m1r73f9/starbucks\",\"title\":\"Starbucks\",\"phone\":\"(317) 559-3944\",\"address\":\"414 West Vermont Street Indianapolis, IN 46202\",\"website\":\"https://www.starbucks.com/store-locator\",\"email\":null,\"label\":\"website_scraper\",\"__crawlee\":{\"state\":4}},\"handledAt\":\"2025-08-13T15:31:08.275Z\"}",
	"method": "GET",
	"orderNo": null,
	"retryCount": 0,
	"uniqueKey": "https://www.starbucks.com/store-locator",
	"url": "https://www.starbucks.com/store-locator"
}