{
	"id": "uXcSnHSLHQhoczP",
	"json": "{\"id\":\"uXcSnHSLHQhoczP\",\"url\":\"https://www.themedindy.com\",\"uniqueKey\":\"https://www.themedindy.com\",\"method\":\"GET\",\"noRetry\":false,\"retryCount\":0,\"errorMessages\":[],\"headers\":{},\"userData\":{\"url\":\"https://www.manta.com/c/m1rxmb1/the-med\",\"title\":\"The Med\",\"phone\":\"(317) 550-2512\",\"address\":\"5614 Washington St Indianapolis, IN 46219\",\"website\":\"https://www.themedindy.com\",\"email\":null,\"label\":\"website_scraper\"}}",
	"method": "GET",
	"orderNo": 1755099475158,
	"retryCount": 0,
	"uniqueKey": "https://www.themedindy.com",
	"url": "https://www.themedindy.com"
}