{
	"id": "UzzvUdznqXdTbaw",
	"json": "{\"id\":\"UzzvUdznqXdTbaw\",\"url\":\"https://www.manta.com/c/mkr4x6b/coffee-junkiez-pizza-junkiez\",\"uniqueKey\":\"https://www.manta.com/c/mkr4x6b/coffee-junkiez-pizza-junkiez\",\"method\":\"GET\",\"noRetry\":false,\"retryCount\":0,\"errorMessages\":[],\"headers\":{},\"userData\":{\"fromListing\":true,\"label\":\"detail\"}}",
	"method": "GET",
	"orderNo": 1755098702017,
	"retryCount": 0,
	"uniqueKey": "https://www.manta.com/c/mkr4x6b/coffee-junkiez-pizza-junkiez",
	"url": "https://www.manta.com/c/mkr4x6b/coffee-junkiez-pizza-junkiez"
}