{
	"id": "V1kM99b6l35bmHH",
	"json": "{\"id\":\"V1kM99b6l35bmHH\",\"url\":\"https://www.manta.com/c/m1rkjtt/conner-s-kitchen-bar\",\"loadedUrl\":\"https://www.manta.com/c/m1rkjtt/conner-s-kitchen-bar\",\"uniqueKey\":\"https://www.manta.com/c/m1rkjtt/conner-s-kitchen-bar\",\"method\":\"GET\",\"noRetry\":false,\"retryCount\":0,\"errorMessages\":[],\"headers\":{},\"userData\":{\"fromListing\":true,\"label\":\"detail\",\"__crawlee\":{\"state\":4}},\"handledAt\":\"2025-08-13T15:33:43.000Z\"}",
	"method": "GET",
	"orderNo": null,
	"retryCount": 0,
	"uniqueKey": "https://www.manta.com/c/m1rkjtt/conner-s-kitchen-bar",
	"url": "https://www.manta.com/c/m1rkjtt/conner-s-kitchen-bar"
}