{
	"id": "VUlWRd0x1kIqxX4",
	"json": "{\"id\":\"VUlWRd0x1kIqxX4\",\"url\":\"https://www.manta.com/c/mmg9xdw/eddie-merlot-s\",\"loadedUrl\":\"https://www.manta.com/c/mmg9xdw/eddie-merlot-s\",\"uniqueKey\":\"https://www.manta.com/c/mmg9xdw/eddie-merlot-s\",\"method\":\"GET\",\"noRetry\":false,\"retryCount\":0,\"errorMessages\":[],\"headers\":{},\"userData\":{\"fromListing\":true,\"label\":\"detail\",\"__crawlee\":{\"state\":4}},\"handledAt\":\"2025-08-13T15:40:47.228Z\"}",
	"method": "GET",
	"orderNo": null,
	"retryCount": 0,
	"uniqueKey": "https://www.manta.com/c/mmg9xdw/eddie-merlot-s",
	"url": "https://www.manta.com/c/mmg9xdw/eddie-merlot-s"
}