{
	"id": "wC8xAzU0fV93MEt",
	"json": "{\"id\":\"wC8xAzU0fV93MEt\",\"url\":\"https://www.manta.com/c/mk70c4y/starbucks\",\"loadedUrl\":\"https://www.manta.com/c/mk70c4y/starbucks\",\"uniqueKey\":\"https://www.manta.com/c/mk70c4y/starbucks\",\"method\":\"GET\",\"noRetry\":false,\"retryCount\":0,\"errorMessages\":[],\"headers\":{},\"userData\":{\"fromListing\":true,\"label\":\"detail\",\"__crawlee\":{\"state\":4}},\"handledAt\":\"2025-08-13T15:38:54.109Z\"}",
	"method": "GET",
	"orderNo": null,
	"retryCount": 0,
	"uniqueKey": "https://www.manta.com/c/mk70c4y/starbucks",
	"url": "https://www.manta.com/c/mk70c4y/starbucks"
}