{
	"id": "WCilTFmTVT86Wk1",
	"json": "{\"id\":\"WCilTFmTVT86Wk1\",\"url\":\"https://www.manta.com/c/mmlp8gd/english-ivy-s\",\"loadedUrl\":\"https://www.manta.com/c/mmlp8gd/english-ivy-s\",\"uniqueKey\":\"https://www.manta.com/c/mmlp8gd/english-ivy-s\",\"method\":\"GET\",\"noRetry\":false,\"retryCount\":0,\"errorMessages\":[],\"headers\":{},\"userData\":{\"fromListing\":true,\"label\":\"detail\",\"__crawlee\":{\"state\":4}},\"handledAt\":\"2025-08-13T15:42:25.590Z\"}",
	"method": "GET",
	"orderNo": null,
	"retryCount": 0,
	"uniqueKey": "https://www.manta.com/c/mmlp8gd/english-ivy-s",
	"url": "https://www.manta.com/c/mmlp8gd/english-ivy-s"
}