{
	"id": "weS2x7iZzMCTN1L",
	"json": "{\"id\":\"weS2x7iZzMCTN1L\",\"url\":\"https://www.manta.com/c/mkfdl53/7-brew-coffee\",\"uniqueKey\":\"https://www.manta.com/c/mkfdl53/7-brew-coffee\",\"method\":\"GET\",\"noRetry\":false,\"retryCount\":0,\"errorMessages\":[],\"headers\":{},\"userData\":{\"fromListing\":true,\"label\":\"detail\"}}",
	"method": "GET",
	"orderNo": 1755098701970,
	"retryCount": 0,
	"uniqueKey": "https://www.manta.com/c/mkfdl53/7-brew-coffee",
	"url": "https://www.manta.com/c/mkfdl53/7-brew-coffee"
}