{
	"id": "wnGQmaA3fV1B6lt",
	"json": "{\"id\":\"wnGQmaA3fV1B6lt\",\"url\":\"https://www.manta.com/c/m1rrhx2/starbucks\",\"loadedUrl\":\"https://www.manta.com/c/m1rrhx2/starbucks\",\"uniqueKey\":\"https://www.manta.com/c/m1rrhx2/starbucks\",\"method\":\"GET\",\"noRetry\":false,\"retryCount\":0,\"errorMessages\":[],\"headers\":{},\"userData\":{\"fromListing\":true,\"label\":\"detail\",\"__crawlee\":{\"state\":4}},\"handledAt\":\"2025-08-13T15:34:44.981Z\"}",
	"method": "GET",
	"orderNo": null,
	"retryCount": 0,
	"uniqueKey": "https://www.manta.com/c/m1rrhx2/starbucks",
	"url": "https://www.manta.com/c/m1rrhx2/starbucks"
}