{
	"id": "wQwF39zTLXCuO45",
	"json": "{\"id\":\"wQwF39zTLXCuO45\",\"url\":\"https://www.manta.com/c/mw2k759/nery-bakery\",\"uniqueKey\":\"https://www.manta.com/c/mw2k759/nery-bakery\",\"method\":\"GET\",\"noRetry\":false,\"retryCount\":0,\"errorMessages\":[],\"headers\":{},\"userData\":{\"fromListing\":true,\"label\":\"detail\"}}",
	"method": "GET",
	"orderNo": 1755098702082,
	"retryCount": 0,
	"uniqueKey": "https://www.manta.com/c/mw2k759/nery-bakery",
	"url": "https://www.manta.com/c/mw2k759/nery-bakery"
}