{
	"id": "xa3kRkGmiiUPdje",
	"json": "{\"id\":\"xa3kRkGmiiUPdje\",\"url\":\"https://www.manta.com/c/mm8t466/starbucks\",\"loadedUrl\":\"https://www.manta.com/c/mm8t466/starbucks\",\"uniqueKey\":\"https://www.manta.com/c/mm8t466/starbucks\",\"method\":\"GET\",\"noRetry\":false,\"retryCount\":0,\"errorMessages\":[],\"headers\":{},\"userData\":{\"fromListing\":true,\"label\":\"detail\",\"__crawlee\":{\"state\":4}},\"handledAt\":\"2025-08-13T15:35:19.919Z\"}",
	"method": "GET",
	"orderNo": null,
	"retryCount": 0,
	"uniqueKey": "https://www.manta.com/c/mm8t466/starbucks",
	"url": "https://www.manta.com/c/mm8t466/starbucks"
}