{
	"id": "XEeaFjarWrTUM4i",
	"json": "{\"id\":\"XEeaFjarWrTUM4i\",\"url\":\"https://www.manta.com/c/mk7rzcr/starbucks\",\"loadedUrl\":\"https://www.manta.com/c/mk7rzcr/starbucks\",\"uniqueKey\":\"https://www.manta.com/c/mk7rzcr/starbucks\",\"method\":\"GET\",\"noRetry\":false,\"retryCount\":0,\"errorMessages\":[],\"headers\":{},\"userData\":{\"fromListing\":true,\"label\":\"detail\",\"__crawlee\":{\"state\":4}},\"handledAt\":\"2025-08-13T15:40:35.320Z\"}",
	"method": "GET",
	"orderNo": null,
	"retryCount": 0,
	"uniqueKey": "https://www.manta.com/c/mk7rzcr/starbucks",
	"url": "https://www.manta.com/c/mk7rzcr/starbucks"
}