{
	"id": "xoRN2lKdHSYeCBf",
	"json": "{\"id\":\"xoRN2lKdHSYeCBf\",\"url\":\"https://www.manta.com/c/mhq727t/counttz-cookin\",\"loadedUrl\":\"https://www.manta.com/c/mhq727t/counttz-cookin\",\"uniqueKey\":\"https://www.manta.com/c/mhq727t/counttz-cookin\",\"method\":\"GET\",\"noRetry\":false,\"retryCount\":0,\"errorMessages\":[],\"headers\":{},\"userData\":{\"fromListing\":true,\"label\":\"detail\",\"__crawlee\":{\"state\":4}},\"handledAt\":\"2025-08-13T15:44:54.813Z\"}",
	"method": "GET",
	"orderNo": null,
	"retryCount": 0,
	"uniqueKey": "https://www.manta.com/c/mhq727t/counttz-cookin",
	"url": "https://www.manta.com/c/mhq727t/counttz-cookin"
}