{
	"id": "XtJpqM6RGalXUDR",
	"json": "{\"id\":\"XtJpqM6RGalXUDR\",\"url\":\"https://www.manta.com/c/mtxpfy6/starbucks\",\"loadedUrl\":\"https://www.manta.com/c/mtxpfy6/starbucks\",\"uniqueKey\":\"https://www.manta.com/c/mtxpfy6/starbucks\",\"method\":\"GET\",\"noRetry\":false,\"retryCount\":0,\"errorMessages\":[],\"headers\":{},\"userData\":{\"fromListing\":true,\"label\":\"detail\",\"__crawlee\":{\"state\":4}},\"handledAt\":\"2025-08-13T15:34:33.375Z\"}",
	"method": "GET",
	"orderNo": null,
	"retryCount": 0,
	"uniqueKey": "https://www.manta.com/c/mtxpfy6/starbucks",
	"url": "https://www.manta.com/c/mtxpfy6/starbucks"
}