{
	"id": "xzuqZre6PvvjqTU",
	"json": "{\"id\":\"xzuqZre6PvvjqTU\",\"url\":\"https://www.manta.com/c/mmnp3d6/the-old-spaghetti-factory\",\"loadedUrl\":\"https://www.manta.com/c/mmnp3d6/the-old-spaghetti-factory\",\"uniqueKey\":\"https://www.manta.com/c/mmnp3d6/the-old-spaghetti-factory\",\"method\":\"GET\",\"noRetry\":false,\"retryCount\":0,\"errorMessages\":[],\"headers\":{},\"userData\":{\"fromListing\":true,\"label\":\"detail\",\"__crawlee\":{\"state\":4}},\"handledAt\":\"2025-08-13T15:21:39.727Z\"}",
	"method": "GET",
	"orderNo": null,
	"retryCount": 0,
	"uniqueKey": "https://www.manta.com/c/mmnp3d6/the-old-spaghetti-factory",
	"url": "https://www.manta.com/c/mmnp3d6/the-old-spaghetti-factory"
}