{
	"id": "y5XoNjP7t6etRea",
	"json": "{\"id\":\"y5XoNjP7t6etRea\",\"url\":\"https://indianapolissteakhouse.com\",\"uniqueKey\":\"https://indianapolissteakhouse.com\",\"method\":\"GET\",\"noRetry\":false,\"retryCount\":0,\"errorMessages\":[],\"headers\":{},\"userData\":{\"url\":\"https://www.manta.com/c/m1r6689/terramar-mariscos-y-carnes\",\"title\":\"Terramar Mariscos y Carnes\",\"phone\":\"(317) 593-3982\",\"address\":\"8143 Pendleton Pike Indianapolis, IN 46226\",\"website\":\"https://indianapolissteakhouse.com\",\"email\":null,\"label\":\"website_scraper\"}}",
	"method": "GET",
	"orderNo": 1755099792958,
	"retryCount": 0,
	"uniqueKey": "https://indianapolissteakhouse.com",
	"url": "https://indianapolissteakhouse.com"
}