{
	"id": "Yg5Ouhhp0XdCsjT",
	"json": "{\"id\":\"Yg5Ouhhp0XdCsjT\",\"url\":\"https://www.manta.com/c/m1wfg4y/command-coffee\",\"uniqueKey\":\"https://www.manta.com/c/m1wfg4y/command-coffee\",\"method\":\"GET\",\"noRetry\":false,\"retryCount\":0,\"errorMessages\":[],\"headers\":{},\"userData\":{\"fromListing\":true,\"label\":\"detail\"}}",
	"method": "GET",
	"orderNo": 1755098701976,
	"retryCount": 0,
	"uniqueKey": "https://www.manta.com/c/m1wfg4y/command-coffee",
	"url": "https://www.manta.com/c/m1wfg4y/command-coffee"
}