{
	"id": "yQUYcXyqTyvuBL7",
	"json": "{\"id\":\"yQUYcXyqTyvuBL7\",\"url\":\"https://www.manta.com/c/mk7rz5c/starbucks\",\"loadedUrl\":\"https://www.manta.com/c/mk7rz5c/starbucks\",\"uniqueKey\":\"https://www.manta.com/c/mk7rz5c/starbucks\",\"method\":\"GET\",\"noRetry\":false,\"retryCount\":0,\"errorMessages\":[],\"headers\":{},\"userData\":{\"fromListing\":true,\"label\":\"detail\",\"__crawlee\":{\"state\":4}},\"handledAt\":\"2025-08-13T15:45:16.221Z\"}",
	"method": "GET",
	"orderNo": null,
	"retryCount": 0,
	"uniqueKey": "https://www.manta.com/c/mk7rz5c/starbucks",
	"url": "https://www.manta.com/c/mk7rz5c/starbucks"
}