{
	"id": "zbsxBwFW3DAUWaQ",
	"json": "{\"id\":\"zbsxBwFW3DAUWaQ\",\"url\":\"https://www.manta.com/c/mk7r65k/starbucks\",\"loadedUrl\":\"https://www.manta.com/c/mk7r65k/starbucks\",\"uniqueKey\":\"https://www.manta.com/c/mk7r65k/starbucks\",\"method\":\"GET\",\"noRetry\":false,\"retryCount\":0,\"errorMessages\":[],\"headers\":{},\"userData\":{\"fromListing\":true,\"label\":\"detail\",\"__crawlee\":{\"state\":4}},\"handledAt\":\"2025-08-13T15:45:33.263Z\"}",
	"method": "GET",
	"orderNo": null,
	"retryCount": 0,
	"uniqueKey": "https://www.manta.com/c/mk7r65k/starbucks",
	"url": "https://www.manta.com/c/mk7r65k/starbucks"
}