{
	"id": "zh3jFNWKxep3ZtT",
	"json": "{\"id\":\"zh3jFNWKxep3ZtT\",\"url\":\"https://www.manta.com/c/mxf8z6m/waldens-bbq-catering\",\"loadedUrl\":\"https://www.manta.com/c/mxf8z6m/waldens-bbq-catering\",\"uniqueKey\":\"https://www.manta.com/c/mxf8z6m/waldens-bbq-catering\",\"method\":\"GET\",\"noRetry\":false,\"retryCount\":0,\"errorMessages\":[],\"headers\":{},\"userData\":{\"fromListing\":true,\"label\":\"detail\",\"__crawlee\":{\"state\":4}},\"handledAt\":\"2025-08-13T15:21:31.317Z\"}",
	"method": "GET",
	"orderNo": null,
	"retryCount": 0,
	"uniqueKey": "https://www.manta.com/c/mxf8z6m/waldens-bbq-catering",
	"url": "https://www.manta.com/c/mxf8z6m/waldens-bbq-catering"
}