{
	"id": "zkKrT7YpR3d2uZH",
	"json": "{\"id\":\"zkKrT7YpR3d2uZH\",\"url\":\"https://www.manta.com/c/mk7r6h5/starbucks\",\"loadedUrl\":\"https://www.manta.com/c/mk7r6h5/starbucks\",\"uniqueKey\":\"https://www.manta.com/c/mk7r6h5/starbucks\",\"method\":\"GET\",\"noRetry\":false,\"retryCount\":0,\"errorMessages\":[],\"headers\":{},\"userData\":{\"fromListing\":true,\"label\":\"detail\",\"__crawlee\":{\"state\":4}},\"handledAt\":\"2025-08-13T15:24:01.530Z\"}",
	"method": "GET",
	"orderNo": null,
	"retryCount": 0,
	"uniqueKey": "https://www.manta.com/c/mk7r6h5/starbucks",
	"url": "https://www.manta.com/c/mk7r6h5/starbucks"
}