{
	"id": "zVDPLrz78ccQ0yL",
	"json": "{\"id\":\"zVDPLrz78ccQ0yL\",\"url\":\"https://www.manta.com/c/m1w3czz/sushi-den\",\"loadedUrl\":\"https://www.manta.com/c/m1w3czz/sushi-den\",\"uniqueKey\":\"https://www.manta.com/c/m1w3czz/sushi-den\",\"method\":\"GET\",\"noRetry\":false,\"retryCount\":0,\"errorMessages\":[],\"headers\":{},\"userData\":{\"fromListing\":true,\"label\":\"detail\",\"__crawlee\":{\"state\":4}},\"handledAt\":\"2025-08-13T15:39:30.432Z\"}",
	"method": "GET",
	"orderNo": null,
	"retryCount": 0,
	"uniqueKey": "https://www.manta.com/c/m1w3czz/sushi-den",
	"url": "https://www.manta.com/c/m1w3czz/sushi-den"
}