{
	"id": "ZWi3ntlIRHZbWOR",
	"json": "{\"id\":\"ZWi3ntlIRHZbWOR\",\"url\":\"https://www.starbucks.com/store-locator/store/16500\",\"uniqueKey\":\"https://www.starbucks.com/store-locator/store/16500\",\"method\":\"GET\",\"noRetry\":false,\"retryCount\":0,\"errorMessages\":[],\"headers\":{},\"userData\":{\"url\":\"https://www.manta.com/c/mk7rzqr/starbucks\",\"title\":\"Starbucks\",\"phone\":\"(317) 787-4169\",\"address\":\"4850 East Southport Road Indianapolis, IN 46237\",\"website\":\"https://www.starbucks.com/store-locator/store/16500\",\"email\":null,\"label\":\"website_scraper\"}}",
	"method": "GET",
	"orderNo": 1755099335872,
	"retryCount": 0,
	"uniqueKey": "https://www.starbucks.com/store-locator/store/16500",
	"url": "https://www.starbucks.com/store-locator/store/16500"
}