{
	"id": "ZwjJJ7Dj8zSBBqE",
	"json": "{\"id\":\"ZwjJJ7Dj8zSBBqE\",\"url\":\"https://www.starbucks.com/store-locator/store/1020174\",\"uniqueKey\":\"https://www.starbucks.com/store-locator/store/1020174\",\"method\":\"GET\",\"noRetry\":false,\"retryCount\":0,\"errorMessages\":[],\"headers\":{},\"userData\":{\"url\":\"https://www.manta.com/c/mt5rjtc/starbucks\",\"title\":\"Starbucks\",\"phone\":\"(317) 209-8309\",\"address\":\"9719 Rockville Road Avon, IN 46123\",\"website\":\"https://www.starbucks.com/store-locator/store/1020174\",\"email\":null,\"label\":\"website_scraper\"}}",
	"method": "GET",
	"orderNo": 1755099844889,
	"retryCount": 0,
	"uniqueKey": "https://www.starbucks.com/store-locator/store/1020174",
	"url": "https://www.starbucks.com/store-locator/store/1020174"
}